Symbol,TimeFrame,Date,Open,High,Low,Close,Volume,EMA_3,EMA_9,EMA_20,EMA_34,PPO_Line,PPO_Signal,PMO_Line,PMO_Signal,TR_Status,TR_Status_Enhanced,RS,Chaikin_AD,Peak,Valley,Buy_Point,Buy_Zone_Lower,Buy_Zone_Upper,In_Buy_Zone,Distance_From_BP,Stop_Loss,Risk_Per_Share,Buy_Signal,Exit_Signal,Exit_Reason
FTI,Weekly,2020-11-13,7.020000,7.690000,6.790000,7.310000,44695999,7.310000,7.310000,7.310000,7.310000,0.000000,0.000000,,,Neutral,Neutral,50.000000,50.000000,False,False,,,,False,,,,False,False,
FTI,Weekly,2020-11-20,7.920000,8.750000,7.600000,8.260000,35978014,7.785000,7.500000,7.400476,7.364286,1.026825,0.205365,129.958960,129.958960,Neutral Buy,Neutral Buy â†‘,50.000000,50.000000,False,False,,,,False,,,,False,False,
FTI,Weekly,2020-11-27,8.400000,9.840000,8.370000,8.970000,32124289,8.377500,7.794000,7.549955,7.456041,2.546405,0.673573,129.726143,129.916630,Neutral,Neutral,50.000000,50.000000,False,False,,,,False,,,,False,False,
FTI,Weekly,2020-12-04,9.000000,10.270000,8.280000,10.270000,34064296,9.323750,8.289200,7.809007,7.616838,4.967607,1.532380,129.607631,129.860448,Neutral,Neutral,50.000000,50.000000,False,False,,,,False,,,,False,False,
FTI,Weekly,2020-12-11,9.930000,10.190000,9.520000,9.670000,28610597,9.496875,8.565360,7.986244,7.734162,6.123998,2.450703,128.511495,129.615184,Neutral,Neutral,55.700000,50.000000,False,False,,,,False,,,,False,False,
FTI,Weekly,2020-12-18,9.770000,10.050000,9.370000,9.480000,31788924,9.488437,8.748288,8.128507,7.833924,6.735674,3.307698,126.790934,129.101684,Neutral,Neutral,52.600000,50.000000,False,False,,,,False,,,,False,False,
FTI,Weekly,2020-12-25,8.970000,9.640000,8.850000,9.400000,14584869,9.444219,8.878630,8.249601,7.923414,7.037267,4.053611,124.605218,128.284145,Neutral,Neutral,51.000000,50.000000,False,False,,,,False,,,,False,False,
FTI,Weekly,2021-01-01,9.600000,9.840000,9.350000,9.400000,11778656,9.422109,8.982904,8.359163,8.007791,7.175433,4.677976,122.078243,127.155799,Neutral,Neutral,47.900000,50.000000,False,False,,,,False,,,,False,False,
FTI,Weekly,2021-01-08,9.780000,12.050000,9.490000,11.700000,44455195,10.561055,9.526323,8.677338,8.218774,9.218160,5.586013,120.567640,125.957952,Neutral,Neutral,53.500000,50.000000,False,False,,,,False,,,,False,False,
FTI,Weekly,2021-01-15,11.620000,13.040000,11.490000,11.850000,53763097,11.205527,9.991059,8.979496,8.426273,10.708346,6.610479,118.706744,124.639550,Neutral,Neutral,54.500000,50.000000,True,False,,,,False,,,,False,False,
FTI,Weekly,2021-01-22,12.050000,12.050000,10.670000,11.210000,26135894,11.207764,10.234847,9.191925,8.585343,11.137013,7.515786,116.202776,123.105591,Neutral,Neutral ðŸ”´EXIT,53.300000,50.000000,False,False,13.040000,12.388000,13.692000,False,-14.033742,11.996800,1.043200,False,True,Stop Loss Hit ($12.00)
FTI,Weekly,2021-01-29,10.740000,11.690000,10.320000,10.690000,53372045,10.948882,10.325878,9.334599,8.705609,10.890157,8.190660,113.202877,121.305098,Neutral,Neutral ðŸ”´EXIT,53.300000,50.000000,False,False,13.040000,12.388000,13.692000,False,-18.021472,11.996800,1.043200,False,True,Stop Loss Hit ($12.00)
FTI,Weekly,2021-02-05,10.650000,11.660000,10.330000,10.760000,38277829,10.854441,10.412702,9.470351,8.823003,10.612097,8.674948,110.075161,119.263291,Neutral,Neutral ðŸ”´EXIT,46.200000,7.692308,False,False,13.040000,12.388000,13.692000,False,-17.484663,11.996800,1.043200,False,True,Stop Loss Hit ($12.00)
FTI,Weekly,2021-02-12,10.750000,11.000000,9.750000,10.310000,236948408,10.582220,10.392162,9.550318,8.907974,9.907549,8.921468,106.598850,116.960666,Neutral,Neutral ðŸ”´EXIT,52.900000,7.142857,False,False,13.040000,12.388000,13.692000,False,-20.935583,11.996800,1.043200,False,True,Stop Loss Hit ($12.00)
FTI,Weekly,2021-02-19,8.440000,8.550000,7.020000,7.280000,47921812,8.931110,9.769729,9.334097,8.814947,6.807223,8.498619,101.509366,114.151338,Neutral Sell,Neutral Sell â†“ ðŸ”´EXIT,38.300000,6.666667,False,False,13.040000,12.388000,13.692000,False,-44.171779,11.996800,1.043200,False,True,Stop Loss Hit ($12.00)
FTI,Weekly,2021-02-26,7.080000,8.770000,6.710000,8.220000,74837611,8.575555,9.459783,9.227993,8.780950,5.038521,7.806599,97.306508,111.088642,Neutral,Neutral ðŸ”´EXIT,43.600000,18.750000,False,True,13.040000,12.388000,13.692000,False,-36.963190,11.996800,1.043200,False,True,Stop Loss Hit ($12.00)
FTI,Weekly,2021-03-05,8.230000,9.260000,8.140000,9.260000,52846644,8.917778,9.419827,9.231041,8.808324,4.468721,7.139024,93.869749,107.957934,Neutral,Neutral ðŸ”´EXIT,44.900000,35.294118,False,False,13.040000,12.388000,13.692000,False,-28.987730,11.996800,1.043200,False,True,Stop Loss Hit ($12.00)
FTI,Weekly,2021-03-12,9.130000,9.280000,8.620000,8.760000,41816088,8.838889,9.287861,9.186180,8.805563,3.545798,6.420379,90.150691,104.720253,Neutral,Neutral ðŸ”´EXIT,43.700000,27.777778,False,False,13.040000,12.388000,13.692000,False,-32.822086,11.996800,1.043200,False,True,Stop Loss Hit ($12.00)
FTI,Weekly,2021-03-19,8.810000,8.920000,7.660000,7.830000,49897820,8.334444,8.996289,9.057020,8.749816,1.970652,5.530433,85.934061,101.304582,Neutral,Neutral ðŸ”´EXIT,46.500000,10.526316,False,False,13.040000,12.388000,13.692000,False,-39.953988,11.996800,1.043200,False,True,Stop Loss Hit ($12.00)
FTI,Weekly,2021-03-26,7.710000,8.050000,7.240000,8.040000,36978782,8.187222,8.805031,8.960161,8.709255,0.880917,4.600530,82.018189,97.797965,Neutral,Neutral ðŸ”´EXIT,44.900000,30.000000,False,False,13.040000,12.388000,13.692000,False,-38.343558,11.996800,1.043200,False,True,Stop Loss Hit ($12.00)
FTI,Weekly,2021-04-02,7.920000,7.990000,7.560000,7.980000,21788742,8.083611,8.640025,8.866812,8.667584,-0.048727,3.670679,78.198643,94.234452,Neutral,Neutral ðŸ”´EXIT,43.000000,42.857143,False,False,13.040000,12.388000,13.692000,False,-38.803681,11.996800,1.043200,False,True,Stop Loss Hit ($12.00)
FTI,Weekly,2021-04-09,7.980000,8.010000,7.450000,7.550000,22946501,7.816806,8.422020,8.741402,8.603722,-1.184030,2.699737,74.235998,90.598369,Neutral,Neutral ðŸ”´EXIT,37.400000,36.363636,False,False,13.040000,12.388000,13.692000,False,-42.101227,11.996800,1.043200,False,True,Stop Loss Hit ($12.00)
FTI,Weekly,2021-04-16,7.550000,7.670000,7.150000,7.270000,25518652,7.543403,8.191616,8.601268,8.527509,-2.344849,1.690820,70.260922,86.900652,Neutral,Neutral ðŸ”´EXIT,38.200000,21.739130,False,False,13.040000,12.388000,13.692000,False,-44.248466,11.996800,1.043200,False,True,Stop Loss Hit ($12.00)
FTI,Weekly,2021-04-23,7.250000,7.390000,6.740000,6.950000,34226840,7.246701,7.943293,8.444004,8.437366,-3.563631,0.639930,66.259587,83.147731,Neutral,Neutral ðŸ”´EXIT,36.600000,20.833333,False,True,13.040000,12.388000,13.692000,False,-46.702454,11.996800,1.043200,False,True,Stop Loss Hit ($12.00)
FTI,Weekly,2021-04-30,6.970000,7.990000,6.930000,7.400000,47150413,7.323351,7.834634,8.344575,8.378088,-4.066152,-0.301287,62.832461,79.454045,Neutral,Neutral ðŸ”´EXIT,40.800000,20.000000,False,False,13.040000,12.388000,13.692000,False,-43.251534,11.996800,1.043200,False,True,Stop Loss Hit ($12.00)
FTI,Weekly,2021-05-07,7.620000,8.600000,7.600000,8.580000,35116302,7.951675,7.983707,8.366997,8.389626,-3.260615,-0.893153,60.415244,75.992445,Neutral,Neutral ðŸ”´EXIT,43.500000,50.000000,False,False,13.040000,12.388000,13.692000,False,-34.202454,11.996800,1.043200,False,True,Stop Loss Hit ($12.00)
FTI,Weekly,2021-05-14,8.540000,8.690000,7.700000,8.210000,25250002,8.080838,8.028966,8.352045,8.379361,-2.953664,-1.305255,57.801915,72.685076,Neutral Buy,Neutral Buy â†‘ ðŸ”´EXIT,46.200000,51.851852,False,False,13.040000,12.388000,13.692000,False,-37.039877,11.996800,1.043200,False,True,Stop Loss Hit ($12.00)
FTI,Weekly,2021-05-21,8.130000,8.460000,7.970000,8.210000,22948010,8.145419,8.065173,8.338517,8.369683,-2.679385,-1.580081,55.263002,69.517426,Neutral,Neutral ðŸ”´EXIT,51.500000,50.000000,False,False,13.040000,12.388000,13.692000,False,-37.039877,11.996800,1.043200,False,True,Stop Loss Hit ($12.00)
FTI,Weekly,2021-05-28,8.180000,8.700000,7.970000,8.590000,21284938,8.367709,8.170138,8.362467,8.382273,-2.064688,-1.677002,53.046004,66.522622,Neutral,Neutral ðŸ”´EXIT,48.800000,58.620690,False,False,13.040000,12.388000,13.692000,False,-34.125767,11.996800,1.043200,False,True,Stop Loss Hit ($12.00)
FTI,Weekly,2021-06-04,8.880000,10.550000,8.810000,10.410000,43119606,9.388855,8.618111,8.557471,8.498143,0.162756,-1.309051,51.991947,63.880681,Neutral,Neutral ðŸ”´EXIT,52.200000,93.333333,False,False,13.040000,12.388000,13.692000,False,-20.168712,11.996800,1.043200,False,True,Stop Loss Hit ($12.00)
FTI,Weekly,2021-06-11,10.440000,10.700000,10.020000,10.130000,21559467,9.759427,8.920488,8.707235,8.591392,1.594556,-0.728329,50.673855,61.479440,Neutral,Neutral ðŸ”´EXIT,53.500000,83.870968,True,False,13.040000,12.388000,13.692000,False,-22.315951,11.996800,1.043200,False,True,Stop Loss Hit ($12.00)
FTI,Weekly,2021-06-18,10.280000,10.280000,8.630000,8.740000,42724835,9.249714,8.884391,8.710356,8.599884,1.419027,-0.298858,48.553422,59.129255,Neutral,Neutral ðŸ”´EXIT,48.900000,40.625000,False,False,10.700000,10.165000,11.235000,False,-18.317757,9.844000,0.856000,False,True,Stop Loss Hit ($9.84)
FTI,Weekly,2021-06-25,8.830000,9.600000,8.830000,9.510000,31226726,9.379857,9.009513,8.786512,8.651891,1.960625,0.153038,46.950762,56.914984,Neutral,Neutral ðŸ”´EXIT,51.700000,63.636364,False,False,10.700000,10.165000,11.235000,False,-11.121495,9.844000,0.856000,False,True,Stop Loss Hit ($9.84)
FTI,Weekly,2021-07-02,9.340000,9.630000,8.880000,9.290000,23960497,9.334928,9.065610,8.834464,8.688354,2.159304,0.554292,45.210477,54.786892,Neutral,Neutral ðŸ”´EXIT,46.700000,67.647059,False,False,10.700000,10.165000,11.235000,False,-13.177570,9.844000,0.856000,False,True,Stop Loss Hit ($9.84)
FTI,Weekly,2021-07-09,9.250000,9.250000,8.300000,8.640000,17575162,8.987464,8.980488,8.815943,8.685591,1.708452,0.785124,43.114000,52.664548,Strong Buy,Strong Buy â†‘ ðŸ”´EXIT,39.900000,57.142857,False,False,10.700000,10.165000,11.235000,False,-19.252336,9.844000,0.856000,False,True,Stop Loss Hit ($9.84)
FTI,Weekly,2021-07-16,8.450000,8.560000,7.470000,7.580000,27572445,8.283732,8.700390,8.698234,8.622414,0.372605,0.702620,40.445321,50.442870,Neutral Sell,Neutral Sell â†“ ðŸ”´EXIT,37.800000,36.111111,False,False,10.700000,10.165000,11.235000,False,-29.158879,9.844000,0.856000,False,True,Stop Loss Hit ($9.84)
FTI,Weekly,2021-07-23,7.300000,7.920000,6.760000,6.940000,42822728,7.611866,8.348312,8.530783,8.526276,-1.299526,0.302191,37.504212,48.090387,Strong Sell,Strong Sell ðŸ”´EXIT,32.200000,16.216216,False,False,10.700000,10.165000,11.235000,False,-35.140187,9.844000,0.856000,False,True,Stop Loss Hit ($9.84)
FTI,Weekly,2021-07-30,7.120000,7.610000,7.110000,7.220000,23419028,7.415933,8.122650,8.405947,8.451632,-2.365029,-0.231253,35.006077,45.711421,Strong Sell,Strong Sell ðŸ”´EXIT,35.300000,7.894737,False,False,10.700000,10.165000,11.235000,False,-32.523364,9.844000,0.856000,False,True,Stop Loss Hit ($9.84)
FTI,Weekly,2021-08-06,7.250000,7.530000,6.810000,7.010000,23930059,7.212967,7.900120,8.273000,8.369253,-3.402225,-0.865448,32.532316,43.315220,Strong Sell,Strong Sell ðŸ”´EXIT,31.700000,5.128205,False,False,10.700000,10.165000,11.235000,False,-34.485981,9.844000,0.856000,False,True,Stop Loss Hit ($9.84)
FTI,Weekly,2021-08-13,6.940000,7.240000,6.750000,6.890000,17456533,7.051483,7.698096,8.141285,8.284724,-4.322890,-1.556936,30.155792,40.922597,Strong Sell,Strong Sell ðŸ”´EXIT,34.000000,5.000000,False,False,10.700000,10.165000,11.235000,False,-35.607477,9.844000,0.856000,False,True,Stop Loss Hit ($9.84)
FTI,Weekly,2021-08-20,6.770000,6.780000,6.000000,6.190000,30384329,6.620742,7.396477,7.955449,8.165026,-5.743910,-2.394331,27.427956,38.469026,Strong Sell,Strong Sell ðŸ”´EXIT,35.600000,2.439024,False,True,10.700000,10.165000,11.235000,False,-42.149533,9.844000,0.856000,False,True,Stop Loss Hit ($9.84)
FTI,Weekly,2021-08-27,6.370000,6.840000,6.310000,6.800000,23962414,6.710371,7.277181,7.845406,8.087024,-6.199187,-3.155302,25.473314,36.106169,Strong Sell,Strong Sell ðŸ”´EXIT,36.400000,9.523810,False,False,10.700000,10.165000,11.235000,False,-36.448598,9.844000,0.856000,False,True,Stop Loss Hit ($9.84)
FTI,Weekly,2021-09-03,6.890000,6.910000,6.530000,6.630000,20099895,6.670185,7.147745,7.729653,8.003766,-6.685661,-3.861374,23.536023,33.820688,Strong Sell,Strong Sell ðŸ”´EXIT,31.700000,6.976744,False,False,10.700000,10.165000,11.235000,False,-38.037383,9.844000,0.856000,False,True,Stop Loss Hit ($9.84)
FTI,Weekly,2021-09-10,6.630000,6.800000,6.190000,6.580000,23697418,6.625093,7.034196,7.620162,7.922408,-7.065996,-4.502298,21.716181,31.619868,Strong Sell,Strong Sell ðŸ”´EXIT,33.000000,11.363636,False,False,10.700000,10.165000,11.235000,False,-38.504673,9.844000,0.856000,False,True,Stop Loss Hit ($9.84)
FTI,Weekly,2021-09-17,6.680000,7.300000,6.680000,7.050000,40890973,6.837546,7.037357,7.565861,7.872556,-6.784844,-4.958808,20.424160,29.584285,Strong Sell,Strong Sell ðŸ”´EXIT,44.400000,17.777778,False,False,10.700000,10.165000,11.235000,False,-34.112150,9.844000,0.856000,False,True,Stop Loss Hit ($9.84)
FTI,Weekly,2021-09-24,6.870000,7.250000,6.580000,7.210000,18346340,7.023773,7.071885,7.531970,7.834695,-6.314779,-5.230002,19.332146,27.720260,Neutral,Neutral ðŸ”´EXIT,42.200000,28.260870,False,False,10.700000,10.165000,11.235000,False,-32.616822,9.844000,0.856000,False,True,Stop Loss Hit ($9.84)
FTI,Weekly,2021-10-01,7.450000,7.880000,7.290000,7.820000,30425597,7.421887,7.221508,7.559401,7.833856,-5.209221,-5.225846,18.744381,26.088282,Neutral Buy,Neutral Buy â†‘ ðŸ”´EXIT,49.500000,40.425532,False,False,10.700000,10.165000,11.235000,False,-26.915888,9.844000,0.856000,False,True,Stop Loss Hit ($9.84)
FTI,Weekly,2021-10-08,8.000000,8.260000,7.420000,8.140000,36128656,7.780943,7.405207,7.614696,7.851350,-3.941820,-4.969041,18.359473,24.683044,Neutral,Neutral ðŸ”´EXIT,53.900000,62.500000,True,False,10.700000,10.165000,11.235000,False,-23.925234,9.844000,0.856000,False,True,Stop Loss Hit ($9.84)
FTI,Weekly,2021-10-15,8.130000,8.220000,7.500000,7.900000,22538526,7.840472,7.504165,7.641868,7.854130,-3.163400,-4.607913,17.777429,23.427478,Neutral,Neutral,53.200000,67.346939,False,False,8.260000,7.847000,8.673000,True,-4.358354,7.599200,0.660800,False,False,
FTI,Weekly,2021-10-22,7.910000,8.110000,7.420000,7.710000,31675029,7.775236,7.545332,7.648357,7.845894,-2.718871,-4.230104,17.058762,22.269529,Neutral,Neutral,52.500000,58.000000,False,False,8.260000,7.847000,8.673000,False,-6.658596,7.599200,0.660800,False,False,
FTI,Weekly,2021-10-29,7.830000,8.020000,7.290000,7.370000,22626265,7.572618,7.510266,7.621847,7.818700,-2.698493,-3.923782,16.121079,21.151629,Neutral,Neutral ðŸ”´EXIT,45.800000,43.137255,False,False,8.260000,7.847000,8.673000,False,-10.774818,7.599200,0.660800,False,True,Stop Loss Hit ($7.60)
FTI,Weekly,2021-11-05,7.480000,7.710000,7.300000,7.410000,24734522,7.491309,7.490213,7.601671,7.795346,-2.610473,-3.661120,15.263251,20.081015,Neutral,Neutral ðŸ”´EXIT,30.200000,32.692308,False,False,8.260000,7.847000,8.673000,False,-10.290557,7.599200,0.660800,False,True,Stop Loss Hit ($7.60)
FTI,Weekly,2021-11-12,7.400000,7.590000,6.850000,6.890000,20177912,7.190654,7.370170,7.533893,7.743611,-3.068271,-3.542550,14.078183,18.989591,Neutral Sell,Neutral Sell â†“ ðŸ”´EXIT,25.600000,26.923077,False,False,8.260000,7.847000,8.673000,False,-16.585956,7.599200,0.660800,False,True,Stop Loss Hit ($7.60)
FTI,Weekly,2021-11-19,6.860000,7.420000,6.200000,6.230000,33647644,6.710327,7.142136,7.409712,7.657119,-4.121666,-3.658373,12.484226,17.806797,Strong Sell,Strong Sell ðŸ”´EXIT,17.200000,5.769231,False,False,8.260000,7.847000,8.673000,False,-24.576271,7.599200,0.660800,False,True,Stop Loss Hit ($7.60)
FTI,Weekly,2021-11-26,6.210000,6.530000,5.820000,5.930000,16797294,6.320164,6.899709,7.268787,7.558427,-5.267477,-3.980194,10.801357,16.533081,Strong Sell,Strong Sell ðŸ”´EXIT,13.300000,1.923077,False,False,8.260000,7.847000,8.673000,False,-28.208232,7.599200,0.660800,False,True,Stop Loss Hit ($7.60)
FTI,Weekly,2021-12-03,6.020000,6.140000,5.550000,5.930000,29329778,6.125082,6.705767,7.141284,7.465374,-6.144550,-4.413065,9.306200,15.219103,Strong Sell,Strong Sell ðŸ”´EXIT,8.600000,7.692308,False,True,8.260000,7.847000,8.673000,False,-28.208232,7.599200,0.660800,False,True,Stop Loss Hit ($7.60)
FTI,Weekly,2021-12-10,6.000000,6.630000,5.920000,6.550000,33508153,6.337541,6.674614,7.084971,7.413067,-6.068810,-4.744214,8.532544,14.003365,Strong Sell,Strong Sell ðŸ”´EXIT,14.600000,23.076923,False,False,8.260000,7.847000,8.673000,False,-20.702179,7.599200,0.660800,False,True,Stop Loss Hit ($7.60)
FTI,Weekly,2021-12-17,6.280000,6.320000,5.660000,5.900000,30508923,6.118770,6.519691,6.972117,7.326606,-6.711085,-5.137588,7.301250,12.784799,Strong Sell,Strong Sell ðŸ”´EXIT,12.700000,21.153846,False,False,8.260000,7.847000,8.673000,False,-28.571429,7.599200,0.660800,False,True,Stop Loss Hit ($7.60)
FTI,Weekly,2021-12-24,5.710000,6.100000,5.590000,6.040000,16504219,6.079385,6.423753,6.883344,7.253086,-6.995482,-5.509167,6.336031,11.612295,Strong Sell,Strong Sell ðŸ”´EXIT,11.800000,30.769231,False,False,8.260000,7.847000,8.673000,False,-26.876513,7.599200,0.660800,False,True,Stop Loss Hit ($7.60)
FTI,Weekly,2021-12-31,6.010000,6.200000,5.830000,5.920000,18341381,5.999693,6.323002,6.791597,7.176909,-7.300686,-5.867471,5.372610,10.477807,Strong Sell,Strong Sell ðŸ”´EXIT,10.300000,25.000000,False,False,8.260000,7.847000,8.673000,False,-28.329298,7.599200,0.660800,False,True,Stop Loss Hit ($7.60)
FTI,Weekly,2022-01-07,6.100000,6.860000,6.060000,6.850000,28165793,6.424846,6.428402,6.797159,7.158229,-6.336070,-5.961191,5.352132,9.545866,Neutral,Neutral ðŸ”´EXIT,15.300000,48.076923,False,False,8.260000,7.847000,8.673000,False,-17.070218,7.599200,0.660800,False,True,Stop Loss Hit ($7.60)
FTI,Weekly,2022-01-14,6.790000,7.110000,6.390000,7.050000,56431541,6.737423,6.552721,6.821239,7.152044,-5.266887,-5.822330,5.460797,8.803126,Neutral Buy,Neutral Buy â†‘ ðŸ”´EXIT,24.700000,94.230769,False,False,8.260000,7.847000,8.673000,False,-14.648910,7.599200,0.660800,False,True,Stop Loss Hit ($7.60)
FTI,Weekly,2022-01-21,7.030000,7.120000,6.360000,6.480000,38787101,6.608712,6.538177,6.788740,7.113642,-5.051694,-5.668203,5.096974,8.129280,Neutral,Neutral ðŸ”´EXIT,25.700000,67.307692,True,False,8.260000,7.847000,8.673000,False,-21.549637,7.599200,0.660800,False,True,Stop Loss Hit ($7.60)
FTI,Weekly,2022-01-28,6.160000,7.030000,5.990000,6.470000,61541103,6.539356,6.524542,6.758384,7.076862,-4.839418,-5.502446,4.750955,7.515039,Neutral,Neutral ðŸ”´EXIT,28.600000,61.538462,False,False,7.120000,6.764000,7.476000,False,-9.129213,6.550400,0.569600,False,True,Stop Loss Hit ($6.55)
FTI,Weekly,2022-02-04,6.430000,6.860000,6.280000,6.790000,37291868,6.664678,6.577633,6.761395,7.060470,-4.233569,-5.248670,4.691834,7.001729,Neutral,Neutral,28.800000,90.384615,False,False,7.120000,6.764000,7.476000,True,-4.634831,6.550400,0.569600,False,False,
FTI,Weekly,2022-02-11,6.690000,6.990000,6.470000,6.870000,36927940,6.767339,6.636107,6.771738,7.049586,-3.614467,-4.921830,4.678829,6.579384,Neutral,Neutral,32.400000,98.076923,False,False,7.120000,6.764000,7.476000,True,-3.511236,6.550400,0.569600,False,False,
FTI,Weekly,2022-02-18,6.720000,7.010000,6.310000,6.470000,85223102,6.618669,6.602885,6.743001,7.016467,-3.566332,-4.650730,4.334896,6.171295,Neutral,Neutral ðŸ”´EXIT,43.800000,59.615385,False,False,7.120000,6.764000,7.476000,False,-9.129213,6.550400,0.569600,False,True,Stop Loss Hit ($6.55)
FTI,Weekly,2022-02-25,6.560000,6.850000,6.100000,6.800000,57327642,6.709335,6.642308,6.748430,7.004097,-3.093560,-4.339296,4.287937,5.828866,Neutral,Neutral,43.400000,98.076923,False,False,7.120000,6.764000,7.476000,True,-4.494382,6.550400,0.569600,False,False,
FTI,Weekly,2022-03-04,6.850000,7.450000,6.280000,7.450000,64847299,7.079667,6.803847,6.815246,7.029577,-1.917747,-3.854986,4.730880,5.629233,Neutral,Neutral,50.500000,100.000000,False,False,7.120000,6.764000,7.476000,True,4.634831,6.550400,0.569600,False,False,
FTI,Weekly,2022-03-11,7.520000,8.280000,7.270000,7.470000,62387228,7.274834,6.937077,6.877603,7.054744,-0.961082,-3.276206,5.098547,5.532744,Neutral,Neutral,51.500000,98.076923,True,False,7.120000,6.764000,7.476000,True,4.915730,6.550400,0.569600,False,False,
FTI,Weekly,2022-03-18,7.460000,7.460000,6.830000,7.300000,47970164,7.287417,7.009662,6.917832,7.068759,-0.403449,-2.701654,5.265330,5.484123,Neutral,Neutral ðŸ”´EXIT,51.200000,98.076923,False,False,8.280000,7.866000,8.694000,False,-11.835749,7.617600,0.662400,False,True,Stop Loss Hit ($7.62)
FTI,Weekly,2022-03-25,7.440000,7.880000,7.440000,7.870000,41610916,7.578708,7.181729,7.008514,7.114544,0.680974,-2.025129,5.793120,5.540305,Strong Buy,Strong Buy â†‘ âœ“ ðŸ”µBUY,54.000000,100.000000,False,False,8.280000,7.866000,8.694000,True,-4.951691,7.617600,0.662400,True,False,
FTI,Weekly,2022-04-01,7.670000,8.030000,7.330000,7.850000,63524767,7.714354,7.315384,7.088656,7.156570,1.484476,-1.323208,6.200018,5.660252,Strong Buy,Strong Buy,51.300000,100.000000,False,False,8.280000,7.866000,8.694000,False,-5.193237,7.617600,0.662400,False,False,
FTI,Weekly,2022-04-08,7.920000,8.020000,7.190000,7.860000,41370075,7.787177,7.424307,7.162117,7.196766,2.096169,-0.639332,6.521646,5.816870,Strong Buy,Strong Buy,52.500000,100.000000,False,False,8.280000,7.866000,8.694000,False,-5.072464,7.617600,0.662400,False,False,
FTI,Weekly,2022-04-15,7.780000,8.130000,7.620000,8.000000,27340555,7.893589,7.539445,7.241916,7.242665,2.693228,0.027180,6.856213,6.005841,Strong Buy,Strong Buy âœ“ ðŸ”µBUY,58.000000,100.000000,False,False,8.280000,7.866000,8.694000,True,-3.381643,7.617600,0.662400,True,False,
FTI,Weekly,2022-04-22,8.050000,9.000000,8.020000,8.190000,72425324,8.041794,7.669556,7.332209,7.296799,3.321417,0.686027,7.231485,6.228685,Strong Buy,Strong Buy âœ“,66.600000,94.230769,True,False,8.280000,7.866000,8.694000,True,-1.086957,7.617600,0.662400,False,False,
FTI,Weekly,2022-04-29,7.970000,7.970000,6.890000,6.920000,51097530,7.480897,7.519645,7.292951,7.275267,2.415736,1.031969,6.693430,6.313184,Strong Buy,Strong Buy ðŸ”´EXIT,51.800000,88.461538,False,False,9.000000,8.550000,9.450000,False,-23.111111,8.280000,0.720000,False,True,Stop Loss Hit ($8.28)
FTI,Weekly,2022-05-06,6.840000,8.030000,6.830000,7.770000,54086141,7.625449,7.569716,7.338385,7.303538,2.589173,1.343410,6.848156,6.410452,Neutral Buy,Neutral Buy ðŸ”´EXIT,55.200000,92.307692,False,False,9.000000,8.550000,9.450000,False,-13.666667,8.280000,0.720000,False,True,Stop Loss Hit ($8.28)
FTI,Weekly,2022-05-13,7.530000,7.610000,6.680000,7.370000,41070119,7.497724,7.529773,7.341396,7.307336,2.266535,1.528035,6.671753,6.457961,Neutral Sell,Neutral Sell â†“ ðŸ”´EXIT,53.900000,94.230769,False,False,9.000000,8.550000,9.450000,False,-18.111111,8.280000,0.720000,False,True,Stop Loss Hit ($8.28)
FTI,Weekly,2022-05-20,7.410000,7.940000,7.290000,7.580000,34333452,7.538862,7.539818,7.364120,7.322916,2.212541,1.664936,6.636479,6.490419,Neutral,Neutral ðŸ”´EXIT,62.200000,90.384615,False,False,9.000000,8.550000,9.450000,False,-15.777778,8.280000,0.720000,False,True,Stop Loss Hit ($8.28)
FTI,Weekly,2022-05-27,7.650000,8.770000,7.620000,8.560000,33144743,8.049431,7.743855,7.478013,7.393607,3.177556,1.967460,7.255285,6.629486,Strong Buy,Strong Buy â†‘ âœ“ ðŸ”µBUY,71.200000,96.153846,False,False,9.000000,8.550000,9.450000,True,-4.888889,8.280000,0.720000,True,False,
FTI,Weekly,2022-06-03,8.600000,8.730000,8.020000,8.150000,34722340,8.099716,7.825084,7.542012,7.436829,3.452494,2.264467,7.492241,6.786350,Strong Buy,Strong Buy ðŸ”´EXIT,55.400000,86.538462,False,False,9.000000,8.550000,9.450000,False,-9.444444,8.280000,0.720000,False,True,Stop Loss Hit ($8.28)
FTI,Weekly,2022-06-10,8.270000,8.590000,7.630000,7.810000,41717401,7.954858,7.822067,7.567535,7.458153,3.272606,2.466095,7.434349,6.904168,Strong Buy,Strong Buy ðŸ”´EXIT,54.600000,80.769231,False,False,9.000000,8.550000,9.450000,False,-13.222222,8.280000,0.720000,False,True,Stop Loss Hit ($8.28)
FTI,Weekly,2022-06-17,7.630000,7.630000,6.540000,6.590000,61593174,7.272429,7.575654,7.474436,7.408545,1.821404,2.337156,6.519037,6.834145,Neutral Sell,Neutral Sell â†“ ðŸ”´EXIT,54.200000,73.076923,False,False,9.000000,8.550000,9.450000,False,-26.777778,8.280000,0.720000,False,True,Stop Loss Hit ($8.28)
FTI,Weekly,2022-06-24,6.780000,7.190000,6.130000,6.320000,49062689,6.796214,7.324523,7.364490,7.346342,0.354491,1.940623,5.485635,6.588961,Neutral,Neutral ðŸ”´EXIT,39.900000,67.307692,False,False,9.000000,8.550000,9.450000,False,-29.777778,8.280000,0.720000,False,True,Stop Loss Hit ($8.28)
FTI,Weekly,2022-07-01,6.460000,7.010000,6.390000,6.640000,51403382,6.718107,7.187618,7.295491,7.305980,-0.470679,1.458363,4.841470,6.271235,Strong Sell,Strong Sell â†“ ðŸ”´EXIT,46.300000,63.461538,False,False,9.000000,8.550000,9.450000,False,-26.222222,8.280000,0.720000,False,True,Stop Loss Hit ($8.28)
FTI,Weekly,2022-07-08,6.390000,6.520000,5.730000,6.360000,44719910,6.539054,7.022095,7.206396,7.251924,-1.433626,0.879965,4.042301,5.865975,Strong Sell,Strong Sell ðŸ”´EXIT,38.900000,69.230769,False,False,9.000000,8.550000,9.450000,False,-29.333333,8.280000,0.720000,False,True,Stop Loss Hit ($8.28)
FTI,Weekly,2022-07-15,6.200000,6.290000,5.470000,5.940000,24935438,6.239527,6.805676,7.085787,7.176957,-2.667062,0.170560,2.988620,5.342819,Strong Sell,Strong Sell ðŸ”´EXIT,40.800000,69.230769,False,True,9.000000,8.550000,9.450000,False,-34.000000,8.280000,0.720000,False,True,Stop Loss Hit ($8.28)
FTI,Weekly,2022-07-22,6.120000,6.450000,5.980000,6.220000,29627964,6.229763,6.688541,7.003331,7.122273,-3.306016,-0.524755,2.321847,4.793552,Strong Sell,Strong Sell ðŸ”´EXIT,46.200000,69.230769,False,False,9.000000,8.550000,9.450000,False,-30.888889,8.280000,0.720000,False,True,Stop Loss Hit ($8.28)
FTI,Weekly,2022-07-29,6.310000,8.110000,6.180000,8.090000,37123965,7.159882,6.968832,7.106824,7.177572,-1.619354,-0.743675,3.330511,4.527544,Strong Sell,Strong Sell ðŸ”´EXIT,70.300000,75.000000,False,False,9.000000,8.550000,9.450000,False,-10.111111,8.280000,0.720000,False,True,Stop Loss Hit ($8.28)
FTI,Weekly,2022-08-05,7.940000,8.440000,7.820000,8.310000,47528761,7.734941,7.237066,7.221412,7.242282,-0.060478,-0.607036,4.318674,4.489568,Neutral,Neutral,71.100000,78.846154,False,False,9.000000,8.550000,9.450000,False,-7.666667,8.280000,0.720000,False,False,
FTI,Weekly,2022-08-12,8.330000,9.100000,8.180000,9.080000,33386123,8.407470,7.605653,7.398420,7.347295,1.959188,-0.093791,5.630467,4.697004,Strong Buy,Strong Buy â†‘ âœ“ ðŸ”µBUY,82.000000,90.384615,False,False,9.000000,8.550000,9.450000,True,0.888889,8.280000,0.720000,True,False,
FTI,Weekly,2022-08-19,8.740000,8.890000,8.290000,8.470000,30936304,8.438735,7.778522,7.500475,7.411449,2.825949,0.490157,6.366148,5.000485,Strong Buy,Strong Buy,82.200000,82.692308,False,False,9.000000,8.550000,9.450000,False,-5.888889,8.280000,0.720000,False,False,
FTI,Weekly,2022-08-26,8.300000,8.860000,8.030000,8.580000,32547664,8.509368,7.938818,7.603287,7.478224,3.567314,1.105589,7.029816,5.369454,Strong Buy,Strong Buy âœ“ ðŸ”µBUY,72.600000,86.538462,False,False,9.000000,8.550000,9.450000,True,-4.666667,8.280000,0.720000,True,False,
FTI,Weekly,2022-09-02,8.550000,8.790000,7.880000,8.330000,19965328,8.419684,8.017054,7.672498,7.526897,3.837100,1.651891,7.405557,5.739655,Strong Buy,Strong Buy,70.300000,84.615385,False,False,9.000000,8.550000,9.450000,False,-7.444444,8.280000,0.720000,False,False,
FTI,Weekly,2022-09-09,8.400000,9.190000,8.030000,9.040000,35689509,8.729842,8.221643,7.802736,7.613360,4.706300,2.262773,8.138418,6.175793,Strong Buy,Strong Buy âœ“ ðŸ”µBUY,75.100000,96.153846,False,False,9.000000,8.550000,9.450000,True,0.444444,8.280000,0.720000,True,False,
FTI,Weekly,2022-09-16,9.100000,9.390000,8.680000,9.040000,53858559,8.884921,8.385315,7.920571,7.694882,5.307007,2.871619,8.721585,6.638665,Strong Buy,Strong Buy âœ“,83.600000,96.153846,False,False,9.000000,8.550000,9.450000,True,0.444444,8.280000,0.720000,False,False,
FTI,Weekly,2022-09-23,8.760000,9.490000,8.200000,8.350000,46287560,8.617460,8.378252,7.961469,7.732317,5.031647,3.303625,8.769905,7.026163,Strong Buy,Strong Buy,74.700000,75.000000,False,False,9.000000,8.550000,9.450000,False,-7.222222,8.280000,0.720000,False,False,
FTI,Weekly,2022-09-30,8.320000,8.680000,8.030000,8.460000,42430496,8.538730,8.394601,8.008948,7.773899,4.863676,3.615635,8.834495,7.354951,Strong Buy,Strong Buy,75.600000,88.461538,False,False,9.000000,8.550000,9.450000,False,-6.000000,8.280000,0.720000,False,False,
FTI,Weekly,2022-10-07,8.770000,9.740000,8.730000,9.420000,40311934,8.979365,8.599681,8.143334,7.867962,5.590505,4.010609,9.443341,7.734658,Strong Buy,Strong Buy âœ“ ðŸ”µBUY,83.300000,90.384615,False,False,9.000000,8.550000,9.450000,True,4.666667,8.280000,0.720000,True,False,
FTI,Weekly,2022-10-14,9.420000,9.960000,8.940000,9.360000,38562034,9.169683,8.751745,8.259207,7.953221,6.014691,4.411425,9.879933,8.124708,Strong Buy,Strong Buy âœ“,86.400000,88.461538,False,False,9.000000,8.550000,9.450000,True,4.000000,8.280000,0.720000,False,False,
FTI,Weekly,2022-10-21,9.620000,10.880000,9.310000,10.800000,47237981,9.984841,9.161396,8.501187,8.115894,7.564715,5.042083,11.014726,8.650166,Strong Buy,Strong Buy *,99.000000,100.000000,False,False,9.000000,8.550000,9.450000,False,20.000000,8.280000,0.720000,False,False,
FTI,Weekly,2022-10-28,10.730000,11.140000,10.060000,10.180000,41364515,10.082421,9.365117,8.661074,8.233843,8.074860,5.648639,11.622381,9.190569,Strong Buy,Strong Buy,90.700000,90.384615,False,False,9.000000,8.550000,9.450000,False,13.111111,8.280000,0.720000,False,False,
FTI,Weekly,2022-11-04,10.100000,11.920000,10.100000,11.660000,52942259,10.871210,9.824093,8.946686,8.429624,9.607936,6.440498,12.849350,9.855801,Strong Buy,Strong Buy *,99.000000,100.000000,False,False,9.000000,8.550000,9.450000,False,29.555556,8.280000,0.720000,False,False,
FTI,Weekly,2022-11-11,11.730000,12.360000,11.310000,11.820000,44204745,11.345605,10.223275,9.220335,8.623359,10.732657,7.298930,13.902409,10.591548,Strong Buy,Strong Buy *,99.000000,98.076923,False,False,9.000000,8.550000,9.450000,False,31.333333,8.280000,0.720000,False,False,
FTI,Weekly,2022-11-18,11.780000,12.420000,11.510000,11.960000,46136335,11.652803,10.570620,9.481256,8.814025,11.521389,8.143422,14.791356,11.355150,Strong Buy,Strong Buy *,99.000000,96.153846,False,False,9.000000,8.550000,9.450000,False,32.888889,8.280000,0.720000,False,False,
FTI,Weekly,2022-11-25,11.690000,12.270000,11.430000,12.100000,34491734,11.876401,10.876496,9.730660,9.001795,12.048648,8.924467,15.534633,12.115056,Strong Buy,Strong Buy *,99.000000,100.000000,False,False,9.000000,8.550000,9.450000,False,34.444444,8.280000,0.720000,False,False,
FTI,Weekly,2022-12-02,11.740000,12.970000,11.690000,12.890000,43859515,12.383201,11.279197,10.031549,9.223978,12.850310,9.709636,16.433013,12.900139,Strong Buy,Strong Buy *,99.000000,100.000000,False,False,9.000000,8.550000,9.450000,False,43.222222,8.280000,0.720000,False,False,
FTI,Weekly,2022-12-09,13.000000,13.080000,11.090000,11.150000,39140788,11.766600,11.253357,10.138068,9.334036,12.003809,10.168470,16.399505,13.536387,Strong Buy,Strong Buy,93.300000,98.076923,False,False,9.000000,8.550000,9.450000,False,23.888889,8.280000,0.720000,False,False,
FTI,Weekly,2022-12-16,11.230000,11.820000,11.170000,11.490000,26596093,11.628300,11.300686,10.266824,9.457234,11.446726,10.424122,16.445443,14.065306,Neutral,Neutral *,99.000000,96.153846,False,False,9.000000,8.550000,9.450000,False,27.666667,8.280000,0.720000,False,False,
FTI,Weekly,2022-12-23,11.640000,12.140000,11.330000,12.120000,21559972,11.874150,11.464549,10.443317,9.609392,11.321663,10.603630,16.687791,14.542122,Neutral,Neutral *,99.000000,98.076923,False,False,9.000000,8.550000,9.450000,False,34.666667,8.280000,0.720000,False,False,
FTI,Weekly,2022-12-30,12.150000,12.260000,11.730000,12.190000,11758576,12.032075,11.609639,10.609668,9.756856,11.122386,10.707381,16.837140,14.959398,Neutral,Neutral *,99.000000,98.076923,False,False,9.000000,8.550000,9.450000,False,35.444444,8.280000,0.720000,False,False,
FTI,Weekly,2023-01-06,12.080000,12.780000,11.340000,12.440000,21948165,12.236038,11.775711,10.783985,9.910178,10.994679,10.764841,16.984184,15.327541,Neutral,Neutral *,99.000000,100.000000,False,False,9.000000,8.550000,9.450000,False,38.222222,8.280000,0.720000,False,False,
FTI,Weekly,2023-01-13,12.610000,13.140000,12.260000,12.880000,22751723,12.558019,11.996569,10.983605,10.079882,11.049091,10.821691,17.207111,15.669281,Neutral,Neutral *,99.000000,100.000000,False,False,9.000000,8.550000,9.450000,False,43.111111,8.280000,0.720000,False,False,
FTI,Weekly,2023-01-20,12.920000,13.200000,12.400000,13.030000,19374545,12.794009,12.203255,11.178500,10.248460,11.039158,10.865184,17.368178,15.978171,Neutral,Neutral *,99.000000,100.000000,False,False,9.000000,8.550000,9.450000,False,44.777778,8.280000,0.720000,False,False,
FTI,Weekly,2023-01-27,13.030000,13.940000,12.890000,13.750000,28134778,13.272005,12.512604,11.423405,10.448548,11.352726,10.962692,17.706279,16.292373,Strong Buy,Strong Buy â†‘ *,99.000000,100.000000,False,False,9.000000,8.550000,9.450000,False,52.777778,8.280000,0.720000,False,False,
FTI,Weekly,2023-02-03,13.620000,14.100000,12.930000,13.140000,25867229,13.206002,12.638083,11.586890,10.602346,11.038034,10.977761,17.666774,16.542264,Neutral,Neutral *,99.000000,98.076923,False,False,9.000000,8.550000,9.450000,False,46.000000,8.280000,0.720000,False,False,
FTI,Weekly,2023-02-10,13.130000,14.220000,12.960000,14.090000,20498945,13.648001,12.928467,11.825282,10.801640,11.254127,11.033034,17.922073,16.793138,Strong Buy,Strong Buy â†‘ *,99.000000,98.076923,False,False,9.000000,8.550000,9.450000,False,56.555556,8.280000,0.720000,False,False,
FTI,Weekly,2023-02-17,13.940000,14.330000,13.570000,14.010000,28774467,13.829001,13.144773,12.033350,10.984975,11.211008,11.068629,18.015358,17.015360,Neutral,Neutral *,99.000000,100.000000,False,False,9.000000,8.550000,9.450000,False,55.666667,8.280000,0.720000,False,False,
FTI,Weekly,2023-02-24,14.010000,15.620000,13.120000,15.220000,44287321,14.524500,13.559819,12.336840,11.226976,11.759516,11.206806,18.456718,17.277425,Strong Buy,Strong Buy â†‘ *,99.000000,100.000000,False,False,9.000000,8.550000,9.450000,False,69.111111,8.280000,0.720000,False,False,
FTI,Weekly,2023-03-03,15.090000,16.030000,14.990000,15.340000,31487999,14.932250,13.915855,12.622856,11.462006,12.071833,11.379812,18.777920,17.550242,Strong Buy,Strong Buy *,99.000000,98.076923,True,False,9.000000,8.550000,9.450000,False,70.444444,8.280000,0.720000,False,False,
FTI,Weekly,2023-03-10,15.190000,15.430000,14.430000,14.540000,26337996,14.736125,14.040684,12.805441,11.637892,11.672774,11.438404,18.677100,17.755126,Strong Buy,Strong Buy ðŸ”´EXIT,99.000000,94.230769,False,False,16.030000,15.228500,16.831500,False,-9.295072,14.747600,1.282400,False,True,Stop Loss Hit ($14.75)
FTI,Weekly,2023-03-17,14.140000,14.450000,12.040000,12.350000,38304991,13.543063,13.702547,12.762066,11.678584,9.936356,11.137995,17.695204,17.744231,Neutral Sell,Neutral Sell â†“ ðŸ”´EXIT,87.600000,84.615385,False,True,16.030000,15.228500,16.831500,False,-22.956956,14.747600,1.282400,False,True,Stop Loss Hit ($14.75)
FTI,Weekly,2023-03-24,12.550000,13.620000,12.190000,12.510000,30243782,13.026531,13.464038,12.738059,11.726093,8.559277,10.622251,16.831098,17.578206,Neutral,Neutral ðŸ”´EXIT,82.600000,78.846154,False,False,16.030000,15.228500,16.831500,False,-21.958827,14.747600,1.282400,False,True,Stop Loss Hit ($14.75)
FTI,Weekly,2023-03-31,12.710000,13.890000,12.550000,13.650000,16817220,13.338266,13.501230,12.824911,11.836031,8.068617,10.111524,16.485822,17.379591,Neutral,Neutral ðŸ”´EXIT,89.700000,80.769231,False,False,16.030000,15.228500,16.831500,False,-14.847162,14.747600,1.282400,False,True,Stop Loss Hit ($14.75)
FTI,Weekly,2023-04-07,14.410000,14.840000,13.300000,13.430000,15320578,13.384133,13.486984,12.882538,11.927115,7.458632,9.580946,16.018282,17.132080,Neutral,Neutral ðŸ”´EXIT,84.400000,73.076923,False,False,16.030000,15.228500,16.831500,False,-16.219588,14.747600,1.282400,False,True,Stop Loss Hit ($14.75)
FTI,Weekly,2023-04-14,13.540000,13.800000,13.340000,13.560000,14779366,13.472066,13.501587,12.947058,12.020422,6.972751,9.059307,15.585233,16.850835,Neutral,Neutral ðŸ”´EXIT,86.600000,71.153846,False,False,16.030000,15.228500,16.831500,False,-15.408609,14.747600,1.282400,False,True,Stop Loss Hit ($14.75)
FTI,Weekly,2023-04-21,13.570000,13.650000,12.960000,13.020000,18629274,13.246033,13.405270,12.954005,12.077541,6.189505,8.485346,14.922029,16.500143,Neutral,Neutral ðŸ”´EXIT,76.300000,65.384615,False,False,16.030000,15.228500,16.831500,False,-18.777293,14.747600,1.282400,False,True,Stop Loss Hit ($14.75)
FTI,Weekly,2023-04-28,13.040000,13.960000,12.700000,13.690000,30669973,13.468017,13.462216,13.024100,12.169682,5.907074,7.969692,14.548641,16.145325,Neutral Buy,Neutral Buy â†‘ ðŸ”´EXIT,92.100000,73.076923,False,False,16.030000,15.228500,16.831500,False,-14.597629,14.747600,1.282400,False,True,Stop Loss Hit ($14.75)
FTI,Weekly,2023-05-05,13.460000,14.290000,12.640000,14.250000,36751059,13.859008,13.619773,13.140852,12.288557,5.947664,7.565286,14.369038,15.822363,Neutral,Neutral ðŸ”´EXIT,87.900000,88.461538,False,False,16.030000,15.228500,16.831500,False,-11.104180,14.747600,1.282400,False,True,Stop Loss Hit ($14.75)
FTI,Weekly,2023-05-12,14.410000,14.630000,13.640000,14.080000,34944909,13.969504,13.711818,13.230295,12.390925,5.804344,7.213098,14.076421,15.504919,Neutral,Neutral ðŸ”´EXIT,87.000000,86.538462,False,False,16.030000,15.228500,16.831500,False,-12.164691,14.747600,1.282400,False,True,Stop Loss Hit ($14.75)
FTI,Weekly,2023-05-19,14.200000,14.260000,13.160000,13.880000,29097107,13.924752,13.745455,13.292172,12.476015,5.504999,6.871478,13.676745,15.172524,Neutral,Neutral ðŸ”´EXIT,84.500000,88.461538,False,False,16.030000,15.228500,16.831500,False,-13.412352,14.747600,1.282400,False,True,Stop Loss Hit ($14.75)
FTI,Weekly,2023-05-26,13.920000,14.400000,13.670000,13.930000,25494686,13.927376,13.782364,13.352917,12.559100,5.235315,6.544246,13.281919,14.828778,Neutral,Neutral ðŸ”´EXIT,73.600000,84.615385,False,False,16.030000,15.228500,16.831500,False,-13.100437,14.747600,1.282400,False,True,Stop Loss Hit ($14.75)
FTI,Weekly,2023-06-02,13.670000,15.050000,13.110000,14.860000,17702929,14.393688,13.997891,13.496449,12.690580,5.500757,6.335548,13.227507,14.537638,Neutral,Neutral,77.000000,96.153846,False,False,16.030000,15.228500,16.831500,False,-7.298815,14.747600,1.282400,False,False,
FTI,Weekly,2023-06-09,14.930000,15.210000,14.120000,14.920000,19953557,14.656844,14.182313,13.632025,12.817975,5.668612,6.202161,13.132389,14.282138,Neutral,Neutral,82.200000,96.153846,False,False,16.030000,15.228500,16.831500,False,-6.924517,14.747600,1.282400,False,False,
FTI,Weekly,2023-06-16,14.570000,15.150000,14.220000,14.720000,24263183,14.688422,14.289850,13.735642,12.926662,5.612959,6.084320,12.910702,14.032786,Neutral,Neutral * ðŸ”´EXIT,97.900000,96.153846,False,False,16.030000,15.228500,16.831500,False,-8.172177,14.747600,1.282400,False,True,Stop Loss Hit ($14.75)
FTI,Weekly,2023-06-23,14.610000,15.540000,14.600000,14.770000,45888510,14.729211,14.385880,13.834152,13.031996,5.528269,5.973110,12.670933,13.785176,Neutral,Neutral,99.000000,75.000000,False,False,16.030000,15.228500,16.831500,False,-7.860262,14.747600,1.282400,False,False,
FTI,Weekly,2023-06-30,14.970000,16.820000,14.920000,16.620000,29960274,15.674606,14.832704,14.099471,13.237025,6.415759,6.061640,13.061727,13.653640,Strong Buy,Strong Buy â†‘ âœ“ ðŸ”µBUY,99.000000,92.307692,False,False,16.030000,15.228500,16.831500,True,3.680599,14.747600,1.282400,True,False,
FTI,Weekly,2023-07-07,16.680000,17.200000,16.040000,17.140000,20951076,16.407303,15.294163,14.389045,13.460052,7.279130,6.305138,13.492094,13.624268,Strong Buy,Strong Buy *,99.000000,98.076923,False,False,16.030000,15.228500,16.831500,False,6.924517,14.747600,1.282400,False,False,
FTI,Weekly,2023-07-14,17.090000,18.240000,17.060000,17.310000,46772825,16.858651,15.697331,14.667231,13.680049,7.920736,6.628257,13.840932,13.663661,Strong Buy,Strong Buy,99.000000,82.692308,False,False,16.030000,15.228500,16.831500,False,7.985028,14.747600,1.282400,False,False,
FTI,Weekly,2023-07-21,17.230000,18.210000,17.070000,17.400000,41488757,17.129326,16.037865,14.927495,13.892618,8.344609,6.971528,14.093290,13.741776,Strong Buy,Strong Buy,99.000000,67.307692,False,False,16.030000,15.228500,16.831500,False,8.546475,14.747600,1.282400,False,False,
FTI,Weekly,2023-07-28,17.300000,19.150000,17.200000,18.520000,46082383,17.824663,16.534292,15.269638,14.157040,9.110924,7.399407,14.574932,13.893259,Strong Buy,Strong Buy,99.000000,80.769231,False,False,16.030000,15.228500,16.831500,False,15.533375,14.747600,1.282400,False,False,
FTI,Weekly,2023-08-04,18.600000,18.800000,17.510000,18.310000,27887132,18.067331,16.889433,15.559197,14.394352,9.458732,7.811272,14.849383,14.067099,Strong Buy,Strong Buy,99.000000,88.461538,False,False,16.030000,15.228500,16.831500,False,14.223331,14.747600,1.282400,False,False,
FTI,Weekly,2023-08-11,18.410000,18.820000,17.730000,18.820000,27621037,18.443666,17.275547,15.869749,14.647246,9.835061,8.216030,15.152706,14.264482,Strong Buy,Strong Buy *,99.000000,100.000000,False,False,16.030000,15.228500,16.831500,False,17.404866,14.747600,1.282400,False,False,
FTI,Weekly,2023-08-18,18.690000,18.950000,17.770000,18.270000,18134711,18.356833,17.474437,16.098345,14.854260,9.727721,8.518368,15.177096,14.430412,Strong Buy,Strong Buy *,99.000000,96.153846,False,False,16.030000,15.228500,16.831500,False,13.973799,14.747600,1.282400,False,False,
FTI,Weekly,2023-08-25,18.330000,18.580000,17.740000,18.120000,13252553,18.238416,17.603550,16.290883,15.040874,9.447706,8.704236,15.074195,14.547464,Neutral,Neutral,96.000000,94.230769,False,False,16.030000,15.228500,16.831500,False,13.038054,14.747600,1.282400,False,False,
FTI,Weekly,2023-09-01,18.180000,19.660000,18.100000,19.550000,18326977,18.894208,17.992840,16.601275,15.298538,9.763304,8.916049,15.324066,14.688664,Neutral,Neutral *,99.000000,100.000000,False,False,16.030000,15.228500,16.831500,False,21.958827,14.747600,1.282400,False,False,
FTI,Weekly,2023-09-08,19.620000,21.120000,19.620000,21.030000,32566192,19.962104,18.600272,17.023059,15.626050,10.523497,9.237539,15.857047,14.901097,Strong Buy,Strong Buy â†‘ *,99.000000,100.000000,False,False,16.030000,15.228500,16.831500,False,31.191516,14.747600,1.282400,False,False,
FTI,Weekly,2023-09-15,21.130000,21.670000,20.520000,20.860000,60221226,20.411052,19.052218,17.388482,15.925133,10.869747,9.563981,16.185808,15.134681,Strong Buy,Strong Buy *,99.000000,98.076923,True,False,16.030000,15.228500,16.831500,False,30.131004,14.747600,1.282400,False,False,
FTI,Weekly,2023-09-22,20.890000,21.420000,20.090000,20.850000,40317833,20.630526,19.411774,17.718150,16.206554,10.974732,9.846131,16.378557,15.360840,Strong Buy,Strong Buy âœ“ * ðŸ”µBUY,99.000000,98.076923,False,False,21.670000,20.586500,22.753500,True,-3.784033,19.936400,1.733600,True,False,
FTI,Weekly,2023-09-29,20.770000,21.360000,20.270000,20.340000,30120644,20.485263,19.597419,17.967850,16.442751,10.691558,10.015216,16.327181,15.536539,Strong Buy,Strong Buy,99.000000,84.615385,False,False,21.670000,20.586500,22.753500,False,-6.137517,19.936400,1.733600,False,False,
FTI,Weekly,2023-10-06,20.490000,20.550000,18.730000,19.140000,26343728,19.812632,19.505935,18.079483,16.596880,9.836602,9.979493,15.884740,15.599848,Neutral,Neutral ðŸ”´EXIT,92.100000,78.846154,False,False,21.670000,20.586500,22.753500,False,-11.675127,19.936400,1.733600,False,True,Stop Loss Hit ($19.94)
FTI,Weekly,2023-10-13,19.500000,20.570000,19.430000,20.520000,27524818,20.166316,19.708748,18.311914,16.821058,9.626537,9.908902,15.804112,15.636987,Neutral,Neutral,99.000000,92.307692,False,False,21.670000,20.586500,22.753500,False,-5.306876,19.936400,1.733600,False,False,
FTI,Weekly,2023-10-20,20.510000,21.200000,20.160000,20.580000,18930478,20.373158,19.882999,18.527922,17.035855,9.364397,9.800001,15.667067,15.642456,Neutral,Neutral,98.500000,90.384615,False,False,21.670000,20.586500,22.753500,False,-5.029995,19.936400,1.733600,False,False,
FTI,Weekly,2023-10-27,20.430000,22.290000,19.890000,21.600000,37370557,20.986579,20.226399,18.820501,17.296663,9.453340,9.730669,15.729304,15.658247,Neutral,Neutral *,99.000000,96.153846,False,False,21.670000,20.586500,22.753500,True,-0.323027,19.936400,1.733600,False,False,
FTI,Weekly,2023-11-03,21.630000,22.780000,20.960000,22.250000,26523505,21.618289,20.631119,19.147120,17.579711,9.651195,9.714774,15.858482,15.694653,Neutral,Neutral *,99.000000,98.076923,True,False,21.670000,20.586500,22.753500,True,2.676511,19.936400,1.733600,False,False,
FTI,Weekly,2023-11-10,22.190000,22.240000,20.640000,21.550000,21933605,21.584145,20.814895,19.375965,17.806584,9.398232,9.651466,15.718498,15.698989,Neutral,Neutral,90.000000,98.076923,False,False,22.780000,21.641000,23.919000,False,-5.399473,20.957600,1.822400,False,False,
FTI,Weekly,2023-11-17,21.610000,21.850000,19.740000,20.630000,20432684,21.107072,20.777916,19.495397,17.967922,8.725149,9.466202,15.289835,15.624597,Neutral,Neutral ðŸ”´EXIT,82.000000,94.230769,False,False,22.780000,21.641000,23.919000,False,-9.438104,20.957600,1.822400,False,True,Stop Loss Hit ($20.96)
FTI,Weekly,2023-11-24,20.790000,21.450000,20.440000,21.300000,15912104,21.203536,20.882333,19.667264,18.158327,8.357580,9.244478,15.014481,15.513667,Neutral,Neutral,86.300000,98.076923,False,False,22.780000,21.641000,23.919000,False,-6.496927,20.957600,1.822400,False,False,
FTI,Weekly,2023-12-01,21.210000,21.340000,20.220000,20.680000,27850660,20.941768,20.841866,19.763715,18.302422,7.729521,8.941486,14.545739,15.337680,Neutral,Neutral ðŸ”´EXIT,71.800000,96.153846,False,False,22.780000,21.641000,23.919000,False,-9.218613,20.957600,1.822400,False,True,Stop Loss Hit ($20.96)
FTI,Weekly,2023-12-08,20.410000,20.610000,18.450000,18.920000,41173590,19.930884,20.457493,19.683361,18.337713,6.462740,8.445737,13.617941,15.025000,Neutral Sell,Neutral Sell â†“ ðŸ”´EXIT,68.300000,82.692308,False,False,22.780000,21.641000,23.919000,False,-16.944688,20.957600,1.822400,False,True,Stop Loss Hit ($20.96)
FTI,Weekly,2023-12-15,18.830000,20.080000,18.390000,20.070000,38173471,20.000442,20.379994,19.720184,18.436700,5.850242,7.926638,13.074686,14.670398,Neutral,Neutral ðŸ”´EXIT,72.300000,100.000000,False,False,22.780000,21.641000,23.919000,False,-11.896400,20.957600,1.822400,False,True,Stop Loss Hit ($20.96)
FTI,Weekly,2023-12-22,20.370000,20.710000,19.860000,20.240000,16323894,20.120221,20.351996,19.769690,18.539746,5.371228,7.415556,12.586115,14.291437,Neutral,Neutral ðŸ”´EXIT,68.500000,98.076923,False,False,22.780000,21.641000,23.919000,False,-11.150132,20.957600,1.822400,False,True,Stop Loss Hit ($20.96)
FTI,Weekly,2023-12-29,20.500000,20.640000,20.120000,20.140000,9284199,20.130111,20.309596,19.804958,18.631189,4.895381,6.911521,12.075897,13.888612,Neutral,Neutral ðŸ”´EXIT,65.800000,92.307692,False,False,22.780000,21.641000,23.919000,False,-11.589113,20.957600,1.822400,False,True,Stop Loss Hit ($20.96)
FTI,Weekly,2024-01-05,20.340000,20.420000,19.510000,19.830000,17090512,19.980055,20.213677,19.807343,18.699693,4.344570,6.398131,11.494584,13.453334,Neutral,Neutral ðŸ”´EXIT,68.800000,88.461538,False,False,22.780000,21.641000,23.919000,False,-12.949956,20.957600,1.822400,False,True,Stop Loss Hit ($20.96)
FTI,Weekly,2024-01-12,19.420000,19.430000,18.320000,18.880000,22538837,19.430028,19.946942,19.719025,18.709996,3.485872,5.815679,10.683558,12.949738,Neutral,Neutral ðŸ”´EXIT,55.500000,88.461538,False,True,22.780000,21.641000,23.919000,False,-17.120281,20.957600,1.822400,False,True,Stop Loss Hit ($20.96)
FTI,Weekly,2024-01-19,18.890000,19.510000,18.500000,19.370000,15363350,19.400014,19.831553,19.685784,18.747711,2.968904,5.246324,10.071331,12.426391,Neutral,Neutral ðŸ”´EXIT,57.100000,96.153846,False,False,22.780000,21.641000,23.919000,False,-14.969271,20.957600,1.822400,False,True,Stop Loss Hit ($20.96)
FTI,Weekly,2024-01-26,19.350000,20.570000,19.210000,20.570000,21700802,19.985007,19.979243,19.769995,18.851841,3.011515,4.799362,9.822683,11.952990,Neutral Buy,Neutral Buy â†‘ ðŸ”´EXIT,59.000000,100.000000,False,False,22.780000,21.641000,23.919000,False,-9.701493,20.957600,1.822400,False,True,Stop Loss Hit ($20.96)
FTI,Weekly,2024-02-02,20.440000,20.520000,18.860000,18.870000,27625536,19.427503,19.757394,19.684281,18.852879,2.328089,4.305108,9.120969,11.438077,Neutral Sell,Neutral Sell â†“ ðŸ”´EXIT,50.200000,88.461538,False,False,22.780000,21.641000,23.919000,False,-17.164179,20.957600,1.822400,False,True,Stop Loss Hit ($20.96)
FTI,Weekly,2024-02-09,18.850000,19.370000,18.540000,19.140000,19341205,19.283752,19.633915,19.632445,18.869286,1.874024,3.818891,8.548802,10.912754,Neutral,Neutral ðŸ”´EXIT,47.600000,96.153846,False,False,22.780000,21.641000,23.919000,False,-15.978929,20.957600,1.822400,False,True,Stop Loss Hit ($20.96)
FTI,Weekly,2024-02-16,19.220000,19.900000,18.780000,19.720000,21286272,19.501876,19.651132,19.640784,18.917898,1.731867,3.401486,8.174990,10.414979,Neutral,Neutral ðŸ”´EXIT,51.800000,98.076923,False,False,22.780000,21.641000,23.919000,False,-13.432836,20.957600,1.822400,False,True,Stop Loss Hit ($20.96)
FTI,Weekly,2024-02-23,19.660000,21.730000,19.480000,21.530000,26539165,20.515938,20.026906,19.820709,19.067161,2.328499,3.186889,8.297949,10.030064,Neutral Buy,Neutral Buy â†‘,55.900000,100.000000,False,False,22.780000,21.641000,23.919000,False,-5.487270,20.957600,1.822400,False,False,
FTI,Weekly,2024-03-01,21.580000,22.970000,21.280000,22.580000,27456642,21.547969,20.537525,20.083499,19.267895,3.172495,3.184010,8.617150,9.773171,Neutral,Neutral,58.600000,100.000000,False,False,22.780000,21.641000,23.919000,True,-0.877963,20.957600,1.822400,False,False,
FTI,Weekly,2024-03-08,22.600000,22.610000,21.360000,22.020000,27200293,21.783984,20.834020,20.267927,19.425158,3.562341,3.259676,8.713093,9.580430,Strong Buy,Strong Buy â†‘ âœ“ ðŸ”µBUY,59.700000,100.000000,False,False,22.780000,21.641000,23.919000,True,-3.336260,20.957600,1.822400,True,False,
FTI,Weekly,2024-03-15,22.040000,24.740000,21.780000,24.550000,31304890,23.166992,21.577216,20.675744,19.718006,4.778382,3.563417,9.356888,9.539786,Strong Buy,Strong Buy,84.900000,100.000000,False,False,22.780000,21.641000,23.919000,False,7.769974,20.957600,1.822400,False,False,
FTI,Weekly,2024-03-22,24.390000,25.400000,24.260000,25.280000,20862817,24.223496,22.317773,21.114244,20.035834,5.903022,4.031338,10.014831,9.626157,Strong Buy,Strong Buy,85.300000,100.000000,False,False,22.780000,21.641000,23.919000,False,10.974539,20.957600,1.822400,False,False,
FTI,Weekly,2024-03-29,25.440000,25.710000,24.790000,25.110000,18021593,24.666748,22.876218,21.494792,20.325787,6.612550,4.547581,10.488473,9.782942,Strong Buy,Strong Buy,76.600000,98.076923,False,False,22.780000,21.641000,23.919000,False,10.228270,20.957600,1.822400,False,False,
FTI,Weekly,2024-04-05,25.300000,27.160000,24.940000,26.930000,22162132,25.798374,23.686974,22.012431,20.703170,7.696277,5.177320,11.221201,10.044444,Strong Buy,Strong Buy,92.700000,100.000000,False,False,22.780000,21.641000,23.919000,False,18.217735,20.957600,1.822400,False,False,
FTI,Weekly,2024-04-12,27.050000,27.260000,25.630000,25.870000,24366352,25.834187,24.123580,22.379819,20.998418,8.045680,5.750992,11.579684,10.323578,Strong Buy,Strong Buy,84.700000,96.153846,False,False,22.780000,21.641000,23.919000,False,13.564530,20.957600,1.822400,False,False,
FTI,Weekly,2024-04-19,26.040000,26.220000,24.860000,25.220000,15054504,25.527094,24.342864,22.650312,21.239651,7.986332,6.198060,11.691798,10.572345,Strong Buy,Strong Buy,86.300000,92.307692,False,False,22.780000,21.641000,23.919000,False,10.711150,20.957600,1.822400,False,False,
FTI,Weekly,2024-04-26,25.100000,27.010000,24.820000,26.590000,23603235,26.058547,24.792291,23.025521,21.545385,8.291156,6.616679,12.013156,10.834311,Strong Buy,Strong Buy,85.800000,98.076923,False,False,22.780000,21.641000,23.919000,False,16.725198,20.957600,1.822400,False,False,
FTI,Weekly,2024-05-03,26.590000,26.750000,25.270000,25.960000,17804631,26.009273,25.025833,23.304995,21.797649,8.207339,6.934811,12.098833,11.064224,Strong Buy,Strong Buy,79.100000,96.153846,False,False,22.780000,21.641000,23.919000,False,13.959614,20.957600,1.822400,False,False,
FTI,Weekly,2024-05-10,26.180000,27.300000,26.180000,26.600000,14923278,26.304637,25.340666,23.618805,22.072069,8.243169,7.196483,12.238470,11.277723,Strong Buy,Strong Buy,83.200000,92.307692,True,False,22.780000,21.641000,23.919000,False,16.769096,20.957600,1.822400,False,False,
FTI,Weekly,2024-05-17,26.750000,26.920000,26.170000,26.490000,11429647,26.397318,25.570533,23.892252,22.324522,8.127770,7.382740,12.271155,11.458347,Neutral,Neutral,83.800000,90.384615,False,False,27.300000,25.935000,28.665000,True,-2.967033,25.116000,2.184000,False,False,
FTI,Weekly,2024-05-24,26.550000,27.220000,25.210000,25.840000,19427242,26.118659,25.624426,24.077752,22.525407,7.729054,7.452003,12.104330,11.575799,Neutral,Neutral,77.400000,84.615385,False,False,27.300000,25.935000,28.665000,False,-5.347985,25.116000,2.184000,False,False,
FTI,Weekly,2024-05-31,26.090000,26.360000,25.600000,26.190000,12939766,26.154330,25.737541,24.278918,22.734812,7.435436,7.448689,11.969400,11.647363,Neutral,Neutral,75.800000,88.461538,False,False,27.300000,25.935000,28.665000,True,-4.065934,25.116000,2.184000,False,False,
FTI,Weekly,2024-06-07,26.320000,26.450000,23.880000,24.270000,18058786,25.212165,25.444033,24.278069,22.822537,6.510641,7.261080,11.402887,11.602912,Neutral Sell,Neutral Sell â†“ ðŸ”´EXIT,68.200000,76.923077,False,True,27.300000,25.935000,28.665000,False,-11.098901,25.116000,2.184000,False,True,Stop Loss Hit ($25.12)
FTI,Weekly,2024-06-14,24.610000,25.190000,23.940000,24.250000,13250799,24.731082,25.205226,24.275396,22.904106,5.706668,6.950197,10.854110,11.466767,Neutral,Neutral ðŸ”´EXIT,63.500000,75.000000,False,False,27.300000,25.935000,28.665000,False,-11.172161,25.116000,2.184000,False,True,Stop Loss Hit ($25.12)
FTI,Weekly,2024-06-21,24.270000,25.200000,24.040000,24.980000,14222231,24.855541,25.160181,24.342501,23.022729,5.246176,6.609393,10.487028,11.288632,Neutral,Neutral ðŸ”´EXIT,67.600000,78.846154,False,False,27.300000,25.935000,28.665000,False,-8.498168,25.116000,2.184000,False,True,Stop Loss Hit ($25.12)
FTI,Weekly,2024-06-28,24.920000,26.310000,24.800000,26.150000,23729254,25.502771,25.358145,24.514644,23.201430,5.197857,6.327086,10.365688,11.120824,Neutral Buy,Neutral Buy â†‘,65.100000,98.076923,False,False,27.300000,25.935000,28.665000,True,-4.212454,25.116000,2.184000,False,False,
FTI,Weekly,2024-07-05,26.340000,26.760000,25.760000,25.990000,8781302,25.746385,25.484516,24.655154,23.360777,5.045841,6.070837,10.174785,10.948817,Neutral,Neutral,62.500000,90.384615,False,False,27.300000,25.935000,28.665000,True,-4.798535,25.116000,2.184000,False,False,
FTI,Weekly,2024-07-12,25.830000,27.080000,25.810000,26.670000,12729257,26.208193,25.721613,24.847044,23.549875,5.079738,5.872617,10.096257,10.793806,Neutral,Neutral,66.200000,96.153846,False,False,27.300000,25.935000,28.665000,True,-2.307692,25.116000,2.184000,False,False,
FTI,Weekly,2024-07-19,27.160000,28.540000,26.890000,28.150000,23792958,27.179096,26.207290,25.161611,23.812740,5.500678,5.798229,10.269350,10.698450,Neutral,Neutral,75.700000,100.000000,False,False,27.300000,25.935000,28.665000,True,3.113553,25.116000,2.184000,False,False,
FTI,Weekly,2024-07-26,28.000000,29.240000,26.910000,28.870000,25625556,28.024548,26.739832,25.514791,24.101726,5.970522,5.832688,10.498252,10.662051,Strong Buy,Strong Buy â†‘,72.100000,100.000000,False,False,27.300000,25.935000,28.665000,False,5.750916,25.116000,2.184000,False,False,
FTI,Weekly,2024-08-02,28.930000,29.850000,26.620000,27.060000,24419242,27.542274,26.803866,25.661954,24.270770,5.708885,5.807927,10.306583,10.597420,Neutral,Neutral,70.500000,96.153846,True,False,27.300000,25.935000,28.665000,True,-0.879121,25.116000,2.184000,False,False,
FTI,Weekly,2024-08-09,25.900000,26.420000,25.160000,25.980000,19921765,26.761137,26.639093,25.692244,24.368440,5.110959,5.668534,9.877099,10.466453,Neutral,Neutral ðŸ”´EXIT,61.400000,98.076923,False,False,29.850000,28.357500,31.342500,False,-12.964824,27.462000,2.388000,False,True,Stop Loss Hit ($27.46)
FTI,Weekly,2024-08-16,26.160000,27.220000,25.810000,26.990000,11483679,26.875569,26.709274,25.815840,24.518244,4.890229,5.512873,9.663540,10.320469,Neutral,Neutral ðŸ”´EXIT,62.200000,98.076923,False,False,29.850000,28.357500,31.342500,False,-9.581240,27.462000,2.388000,False,True,Stop Loss Hit ($27.46)
FTI,Weekly,2024-08-23,26.960000,27.190000,25.850000,26.680000,12738827,26.777784,26.703419,25.898141,24.641773,4.566598,5.323618,9.369153,10.147502,Neutral,Neutral ðŸ”´EXIT,58.500000,98.076923,False,False,29.850000,28.357500,31.342500,False,-10.619765,27.462000,2.388000,False,True,Stop Loss Hit ($27.46)
FTI,Weekly,2024-08-30,26.970000,27.250000,26.170000,26.840000,11953458,26.808892,26.730735,25.987842,24.767386,4.308647,5.120623,9.099759,9.957003,Neutral,Neutral ðŸ”´EXIT,54.000000,100.000000,False,False,29.850000,28.357500,31.342500,False,-10.083752,27.462000,2.388000,False,True,Stop Loss Hit ($27.46)
FTI,Weekly,2024-09-06,26.290000,26.320000,23.930000,24.020000,16674151,25.414446,26.188588,25.800428,24.724678,3.203328,4.737164,8.265504,9.649458,Neutral Sell,Neutral Sell â†“ ðŸ”´EXIT,46.500000,90.384615,False,False,29.850000,28.357500,31.342500,False,-19.530988,27.462000,2.388000,False,True,Stop Loss Hit ($27.46)
FTI,Weekly,2024-09-13,23.960000,24.460000,22.980000,24.250000,24977946,24.832223,25.800871,25.652768,24.697553,2.366530,4.263038,7.559567,9.269478,Neutral,Neutral ðŸ”´EXIT,40.000000,100.000000,False,True,29.850000,28.357500,31.342500,False,-18.760469,27.462000,2.388000,False,True,Stop Loss Hit ($27.46)
FTI,Weekly,2024-09-20,24.550000,27.480000,24.370000,27.220000,30694436,26.026112,26.084697,25.802028,24.841693,2.597992,3.930029,7.564359,8.959456,Neutral,Neutral ðŸ”´EXIT,50.000000,100.000000,False,False,29.850000,28.357500,31.342500,False,-8.810720,27.462000,2.388000,False,True,Stop Loss Hit ($27.46)
FTI,Weekly,2024-09-27,27.170000,27.940000,25.140000,25.560000,24371185,25.793056,25.979757,25.778978,24.882739,2.238571,3.591737,7.205761,8.640603,Neutral,Neutral ðŸ”´EXIT,42.400000,98.076923,False,False,29.850000,28.357500,31.342500,False,-14.371859,27.462000,2.388000,False,True,Stop Loss Hit ($27.46)
FTI,Weekly,2024-10-04,25.540000,27.990000,25.380000,27.380000,20442507,26.586528,26.259806,25.931456,25.025440,2.488897,3.371169,7.237961,8.385577,Neutral Buy,Neutral Buy â†‘ ðŸ”´EXIT,54.900000,98.076923,False,False,29.850000,28.357500,31.342500,False,-8.274707,27.462000,2.388000,False,True,Stop Loss Hit ($27.46)
FTI,Weekly,2024-10-11,27.490000,27.920000,26.620000,27.650000,10478228,27.118264,26.537845,26.095127,25.175415,2.734339,3.243803,7.279355,8.184446,Neutral,Neutral,48.900000,98.076923,False,False,29.850000,28.357500,31.342500,False,-7.370184,27.462000,2.388000,False,False,
FTI,Weekly,2024-10-18,27.590000,27.590000,25.480000,25.600000,12374862,26.359132,26.350276,26.047972,25.199677,2.272534,3.049549,6.883930,7.947988,Neutral,Neutral ðŸ”´EXIT,35.500000,94.230769,False,False,29.850000,28.357500,31.342500,False,-14.237856,27.462000,2.388000,False,True,Stop Loss Hit ($27.46)
FTI,Weekly,2024-10-25,25.920000,26.640000,24.890000,26.480000,25250335,26.419566,26.376221,26.089118,25.272838,2.152189,2.870077,6.691496,7.719535,Neutral,Neutral ðŸ”´EXIT,40.300000,100.000000,False,False,29.850000,28.357500,31.342500,False,-11.289782,27.462000,2.388000,False,True,Stop Loss Hit ($27.46)
FTI,Weekly,2024-11-01,25.800000,27.010000,25.650000,26.280000,17895855,26.349783,26.356976,26.107297,25.330390,1.972526,2.690567,6.451695,7.489019,Neutral Sell,Neutral Sell â†“ ðŸ”´EXIT,41.400000,98.076923,False,False,29.850000,28.357500,31.342500,False,-11.959799,27.462000,2.388000,False,True,Stop Loss Hit ($27.46)
FTI,Weekly,2024-11-08,26.420000,28.910000,26.290000,28.770000,12022295,27.559891,26.839581,26.360888,25.526939,2.559370,2.664328,6.713966,7.348100,Neutral Buy,Neutral Buy â†‘,50.300000,100.000000,False,False,29.850000,28.357500,31.342500,True,-3.618090,27.462000,2.388000,False,False,
FTI,Weekly,2024-11-15,28.820000,29.490000,27.950000,28.180000,17446999,27.869946,27.107665,26.534137,25.678543,2.805093,2.692481,6.794047,7.247363,Strong Buy,Strong Buy,54.100000,94.230769,False,False,29.850000,28.357500,31.342500,False,-5.594640,27.462000,2.388000,False,False,
FTI,Weekly,2024-11-22,28.940000,30.910000,28.200000,30.830000,15815553,29.349973,27.852132,26.943266,25.972912,3.735825,2.901149,7.324086,7.261313,Strong Buy,Strong Buy âœ“ ðŸ”µBUY,61.500000,100.000000,False,False,29.850000,28.357500,31.342500,True,3.283082,27.462000,2.388000,True,False,
FTI,Weekly,2024-11-29,30.820000,31.530000,30.380000,31.370000,14792718,30.359986,28.555706,27.364860,26.281317,4.551824,3.231284,7.830926,7.364879,Strong Buy,Strong Buy,64.200000,100.000000,False,False,29.850000,28.357500,31.342500,False,5.092127,27.462000,2.388000,False,False,
FTI,Weekly,2024-12-06,31.190000,32.640000,30.700000,30.730000,23193051,30.544993,28.990564,27.685350,26.535527,4.936285,3.572285,8.114640,7.501199,Strong Buy,Strong Buy âœ“ ðŸ”µBUY,70.200000,94.230769,False,False,29.850000,28.357500,31.342500,True,2.948074,27.462000,2.388000,True,False,
FTI,Weekly,2024-12-13,30.930000,31.160000,29.960000,31.000000,16621349,30.772497,29.392452,28.001031,26.790640,5.243169,3.906461,8.360626,7.657458,Strong Buy,Strong Buy âœ“,69.700000,98.076923,False,False,29.850000,28.357500,31.342500,True,3.852596,27.462000,2.388000,False,False,
FTI,Weekly,2024-12-20,30.700000,31.030000,28.360000,28.890000,24187962,29.831248,29.291961,28.085694,26.910604,4.832225,4.091614,8.166455,7.750003,Strong Buy,Strong Buy âœ“,58.200000,86.538462,False,False,29.850000,28.357500,31.342500,True,-3.216080,27.462000,2.388000,False,False,
FTI,Weekly,2024-12-27,28.680000,29.320000,28.410000,29.040000,8275776,29.435624,29.241569,28.176581,27.032283,4.496570,4.172605,7.984799,7.792693,Neutral,Neutral,58.300000,92.307692,False,False,29.850000,28.357500,31.342500,True,-2.713568,27.462000,2.388000,False,False,
FTI,Weekly,2025-01-03,28.930000,31.350000,28.580000,31.350000,13005939,30.392812,29.663255,28.478811,27.279010,4.815698,4.301224,8.208202,7.868240,Neutral,Neutral,69.400000,98.076923,False,False,29.850000,28.357500,31.342500,False,5.025126,27.462000,2.388000,False,False,
FTI,Weekly,2025-01-10,31.440000,33.450000,31.320000,31.700000,14444110,31.046406,30.070604,28.785591,27.531638,5.094395,4.459858,8.414740,7.967604,Strong Buy,Strong Buy â†‘,75.000000,90.384615,True,False,29.850000,28.357500,31.342500,False,6.197655,27.462000,2.388000,False,False,
FTI,Weekly,2025-01-17,31.680000,33.270000,31.650000,32.570000,18827243,31.808203,30.570483,29.146011,27.819544,5.475293,4.662945,8.691914,8.099297,Strong Buy,Strong Buy âœ“ ðŸ”µBUY,76.100000,90.384615,False,False,33.450000,31.777500,35.122500,True,-2.630792,30.774000,2.676000,True,False,
FTI,Weekly,2025-01-24,33.070000,33.240000,31.330000,31.390000,12386149,31.599102,30.734387,29.359724,28.023570,5.386878,4.807732,8.691078,8.206893,Strong Buy,Strong Buy,64.000000,75.000000,False,False,33.450000,31.777500,35.122500,False,-6.158445,30.774000,2.676000,False,False,
FTI,Weekly,2025-01-31,31.150000,31.380000,29.950000,30.050000,16032193,30.824551,30.597509,29.425465,28.139366,4.899643,4.826114,8.418513,8.245370,Neutral,Neutral ðŸ”´EXIT,66.100000,67.307692,False,False,33.450000,31.777500,35.122500,False,-10.164425,30.774000,2.676000,False,True,Stop Loss Hit ($30.77)
FTI,Weekly,2025-02-07,29.800000,31.530000,29.330000,30.800000,15307919,30.812275,30.638007,29.556373,28.291403,4.660125,4.792916,8.273120,8.250415,Neutral,Neutral,68.100000,69.230769,False,False,33.450000,31.777500,35.122500,False,-7.922272,30.774000,2.676000,False,False,
FTI,Weekly,2025-02-14,31.000000,31.950000,30.060000,30.360000,15766849,30.586138,30.582406,29.632909,28.409608,4.302442,4.694821,8.029523,8.210253,Neutral,Neutral ðŸ”´EXIT,63.700000,61.538462,False,False,33.450000,31.777500,35.122500,False,-9.237668,30.774000,2.676000,False,True,Stop Loss Hit ($30.77)
FTI,Weekly,2025-02-21,30.630000,31.250000,28.700000,29.130000,12014118,29.858069,30.291925,29.585013,28.450773,3.648367,4.485530,7.564527,8.092848,Neutral Sell,Neutral Sell â†“ ðŸ”´EXIT,55.400000,57.692308,False,False,33.450000,31.777500,35.122500,False,-12.914798,30.774000,2.676000,False,True,Stop Loss Hit ($30.77)
FTI,Weekly,2025-02-28,29.280000,29.700000,27.510000,29.440000,30042407,29.649034,30.121540,29.571202,28.507301,3.176837,4.223792,7.183471,7.927507,Neutral,Neutral ðŸ”´EXIT,54.600000,73.076923,False,False,33.450000,31.777500,35.122500,False,-11.988042,30.774000,2.676000,False,True,Stop Loss Hit ($30.77)
FTI,Weekly,2025-03-07,29.810000,29.850000,25.960000,26.670000,33464015,28.159517,29.431232,29.294897,28.402312,2.027703,3.784574,6.322023,7.635601,Neutral,Neutral ðŸ”´EXIT,51.700000,55.769231,False,False,33.450000,31.777500,35.122500,False,-20.269058,30.774000,2.676000,False,True,Stop Loss Hit ($30.77)
FTI,Weekly,2025-03-14,26.320000,27.340000,24.620000,27.240000,35327443,27.699759,28.992985,29.099192,28.335894,1.251173,3.277894,5.665550,7.277410,Neutral,Neutral ðŸ”´EXIT,51.500000,86.538462,False,False,33.450000,31.777500,35.122500,False,-18.565022,30.774000,2.676000,False,True,Stop Loss Hit ($30.77)
FTI,Weekly,2025-03-21,27.500000,29.520000,27.280000,29.360000,27147473,28.529879,29.066388,29.124031,28.394415,1.206700,2.863655,5.486400,6.951772,Neutral,Neutral ðŸ”´EXIT,57.600000,100.000000,False,False,33.450000,31.777500,35.122500,False,-12.227205,30.774000,2.676000,False,True,Stop Loss Hit ($30.77)
FTI,Weekly,2025-03-28,29.500000,31.430000,29.430000,31.180000,20270885,29.854940,29.489111,29.319838,28.553591,1.652701,2.621464,5.632273,6.711863,Neutral Buy,Neutral Buy â†‘,66.100000,100.000000,False,False,33.450000,31.777500,35.122500,False,-6.786248,30.774000,2.676000,False,False,
FTI,Weekly,2025-04-04,30.810000,32.900000,24.420000,25.160000,31746398,27.507470,28.623289,28.923663,28.359671,0.338055,2.164782,4.705574,6.347083,Neutral Sell,Neutral Sell â†“ ðŸ”´EXIT,48.300000,94.230769,True,False,33.450000,31.777500,35.122500,False,-24.783259,30.774000,2.676000,False,True,Stop Loss Hit ($30.77)
FTI,Weekly,2025-04-11,24.050000,26.700000,22.110000,25.030000,33326226,26.268735,27.904631,28.552838,28.169404,-0.751984,1.581429,3.861476,5.895154,Strong Sell,Strong Sell ðŸ”´EXIT,42.900000,96.153846,False,True,32.900000,31.255000,34.545000,False,-23.920973,30.268000,2.632000,False,True,Stop Loss Hit ($30.27)
FTI,Weekly,2025-04-18,25.560000,26.130000,24.550000,25.540000,18740011,25.904367,27.431705,28.265901,28.019153,-1.468280,0.971487,3.227572,5.410140,Strong Sell,Strong Sell ðŸ”´EXIT,47.700000,98.076923,False,False,32.900000,31.255000,34.545000,False,-22.370821,30.268000,2.632000,False,True,Stop Loss Hit ($30.27)
FTI,Weekly,2025-04-25,25.210000,28.380000,24.360000,28.330000,30416254,27.117184,27.611364,28.272006,28.036915,-1.220201,0.533150,3.246818,5.016808,Strong Sell,Strong Sell ðŸ”´EXIT,47.800000,100.000000,False,False,32.900000,31.255000,34.545000,False,-13.890578,30.268000,2.632000,False,True,Stop Loss Hit ($30.27)
FTI,Weekly,2025-05-02,28.060000,29.780000,27.700000,29.670000,20775260,28.393592,28.023091,28.405148,28.130235,-0.631549,0.300210,3.496348,4.740361,Neutral Buy,Neutral Buy â†‘ ðŸ”´EXIT,58.900000,100.000000,False,False,32.900000,31.255000,34.545000,False,-9.817629,30.268000,2.632000,False,True,Stop Loss Hit ($30.27)
FTI,Weekly,2025-05-09,29.130000,30.350000,28.880000,29.860000,16903722,29.126796,28.390473,28.543705,28.229078,-0.112802,0.217608,3.724953,4.555741,Neutral,Neutral ðŸ”´EXIT,56.900000,100.000000,False,False,32.900000,31.255000,34.545000,False,-9.240122,30.268000,2.632000,False,True,Stop Loss Hit ($30.27)
FTI,Weekly,2025-05-16,31.190000,31.760000,30.260000,31.300000,16016468,30.213398,28.972378,28.806209,28.404560,0.691332,0.312353,4.155746,4.483015,Strong Buy,Strong Buy â†‘ âœ“ ðŸ”µBUY,58.200000,100.000000,False,False,32.900000,31.255000,34.545000,True,-4.863222,30.268000,2.632000,True,False,
FTI,Weekly,2025-05-23,31.100000,31.500000,28.870000,29.690000,16118722,29.951699,29.115903,28.890380,28.478013,0.862815,0.422445,4.229712,4.436960,Strong Buy,Strong Buy ðŸ”´EXIT,53.400000,98.076923,False,False,32.900000,31.255000,34.545000,False,-9.756839,30.268000,2.632000,False,True,Stop Loss Hit ($30.27)
FTI,Weekly,2025-05-30,30.020000,31.290000,29.620000,31.150000,20557154,30.550849,29.522722,29.105582,28.630698,1.385202,0.614996,4.530721,4.454007,Strong Buy,Strong Buy,54.600000,100.000000,False,False,32.900000,31.255000,34.545000,False,-5.319149,30.268000,2.632000,False,False,
FTI,Weekly,2025-06-06,31.660000,32.620000,30.860000,32.520000,16857157,31.535425,30.122178,29.430765,28.852944,2.140888,0.920175,4.996662,4.552672,Strong Buy,Strong Buy âœ“ ðŸ”µBUY,65.200000,100.000000,False,False,32.900000,31.255000,34.545000,True,-1.155015,30.268000,2.632000,True,False,
FTI,Weekly,2025-06-13,32.430000,35.270000,31.920000,34.520000,19064286,33.027712,31.001742,29.915454,29.176776,3.221330,1.380406,5.693770,4.760144,Strong Buy,Strong Buy âœ“,70.400000,100.000000,False,False,32.900000,31.255000,34.545000,True,4.924012,30.268000,2.632000,False,False,
FTI,Weekly,2025-06-20,34.200000,35.710000,33.980000,35.150000,22030032,34.088856,31.831394,30.413982,29.518103,4.165349,1.937395,6.355884,5.050279,Strong Buy,Strong Buy,72.600000,100.000000,False,False,32.900000,31.255000,34.545000,False,6.838906,30.268000,2.632000,False,False,
FTI,Weekly,2025-06-27,35.400000,35.480000,33.650000,34.540000,26189515,34.314428,32.373115,30.806936,29.805068,4.677583,2.485432,6.796209,5.367721,Strong Buy,Strong Buy âœ“ ðŸ”µBUY,60.700000,98.076923,False,False,32.900000,31.255000,34.545000,True,4.984802,30.268000,2.632000,True,False,
FTI,Weekly,2025-07-04,34.880000,35.090000,33.970000,34.900000,16369046,34.607214,32.878492,31.196752,30.096207,5.099623,3.008270,7.191653,5.699345,Strong Buy,Strong Buy,64.300000,100.000000,False,False,32.900000,31.255000,34.545000,False,6.079027,30.268000,2.632000,False,False,
FTI,Weekly,2025-07-11,34.640000,35.860000,34.300000,35.660000,13261494,35.133607,33.434794,31.621823,30.414138,5.543450,3.515306,7.606727,6.046141,Strong Buy,Strong Buy,63.900000,100.000000,False,False,32.900000,31.255000,34.545000,False,8.389058,30.268000,2.632000,False,False,
FTI,Weekly,2025-07-18,35.180000,35.500000,32.320000,32.740000,27158681,33.936804,33.295835,31.728316,30.547045,5.104647,3.833174,7.487908,6.308281,Strong Buy,Strong Buy âœ“ ðŸ”µBUY,50.900000,94.230769,False,False,32.900000,31.255000,34.545000,True,-0.486322,30.268000,2.632000,True,False,
FTI,Weekly,2025-07-25,33.000000,38.050000,31.880000,36.450000,32013538,35.193402,33.926668,32.178000,30.884357,5.599313,4.186402,7.946321,6.606106,Strong Buy,Strong Buy,58.500000,98.076923,True,True,32.900000,31.255000,34.545000,False,10.790274,30.268000,2.632000,False,False,
FTI,Weekly,2025-08-01,36.780000,37.680000,35.020000,35.320000,20786814,35.256701,34.205334,32.477238,31.137822,5.637319,4.476586,8.131960,6.883534,Strong Buy,Strong Buy,60.200000,90.384615,False,False,38.050000,36.147500,39.952500,False,-7.174770,35.006000,3.044000,False,False,
FTI,Weekly,2025-08-08,35.360000,36.600000,34.790000,34.950000,11796492,35.103350,34.354267,32.712739,31.355661,5.508666,4.683002,8.192136,7.121462,Strong Buy,Strong Buy ðŸ”´EXIT,60.700000,84.615385,False,False,38.050000,36.147500,39.952500,False,-8.147175,35.006000,3.044000,False,True,Stop Loss Hit ($35.01)
FTI,Weekly,2025-08-15,34.980000,35.800000,34.570000,34.990000,12118080,35.046675,34.481414,32.929621,31.563337,5.350690,4.816539,8.206267,7.318699,Neutral,Neutral ðŸ”´EXIT,58.800000,82.692308,False,False,38.050000,36.147500,39.952500,False,-8.042050,35.006000,3.044000,False,True,Stop Loss Hit ($35.01)
FTI,Weekly,2025-08-22,34.790000,36.330000,34.270000,36.120000,13386294,35.583338,34.809131,33.233467,31.823718,5.426309,4.938493,8.345795,7.505444,Neutral,Neutral,62.700000,86.538462,False,False,38.050000,36.147500,39.952500,False,-5.072273,35.006000,3.044000,False,False,
FTI,Weekly,2025-08-29,36.080000,37.170000,35.990000,36.760000,14748286,36.171669,35.199305,33.569327,32.105791,5.563996,5.063594,8.514613,7.688929,Strong Buy,Strong Buy â†‘ âœ“ ðŸ”µBUY,62.000000,94.230769,False,False,38.050000,36.147500,39.952500,True,-3.390276,35.006000,3.044000,True,False,
FTI,Weekly,2025-09-05,36.440000,39.850000,36.160000,38.900000,29793970,37.535834,35.939444,34.077010,32.494032,6.085234,5.267922,8.921836,7.913094,Strong Buy,Strong Buy âœ“,78.700000,96.153846,False,False,38.050000,36.147500,39.952500,True,2.233903,35.006000,3.044000,False,False,
FTI,Weekly,2025-09-12,38.820000,41.300000,38.760000,39.850000,86467683,38.692917,36.721555,34.626819,32.914373,6.614080,5.537153,9.351816,8.174680,Strong Buy,Strong Buy âœ“,78.200000,92.307692,True,False,38.050000,36.147500,39.952500,True,4.730618,35.006000,3.044000,False,False,
FTI,Weekly,2025-09-19,39.850000,40.080000,38.600000,39.410000,31240489,39.051459,37.259244,35.082360,33.285551,6.833537,5.796430,9.611331,8.435889,Strong Buy,Strong Buy âœ“,66.200000,92.307692,False,False,41.300000,39.235000,43.365000,True,-4.576271,37.996000,3.304000,False,False,
FTI,Weekly,2025-09-26,38.680000,40.930000,38.050000,40.370000,22866913,39.710729,37.881395,35.585945,33.690377,7.119474,6.061039,9.911119,8.704113,Strong Buy,Strong Buy âœ“,70.000000,100.000000,False,False,41.300000,39.235000,43.365000,True,-2.251816,37.996000,3.304000,False,False,
FTI,Weekly,2025-10-03,40.320000,40.340000,37.990000,38.040000,19562477,38.875365,37.913116,35.819664,33.938927,6.748278,6.198487,9.809470,8.905087,Strong Buy,Strong Buy,63.800000,86.538462,False,False,41.300000,39.235000,43.365000,False,-7.893462,37.996000,3.304000,False,False,
FTI,Weekly,2025-10-10,38.110000,38.890000,35.580000,35.790000,17584170,37.332682,37.488493,35.816839,34.044703,5.895684,6.137926,9.357756,8.987390,Neutral Sell,Neutral Sell â†“ ðŸ”´EXIT,58.300000,69.230769,False,False,41.300000,39.235000,43.365000,False,-13.341404,37.996000,3.304000,False,True,Stop Loss Hit ($38.00)
FTI,Weekly,2025-10-17,36.330000,36.800000,35.290000,35.920000,22351089,36.626341,37.174794,35.826664,34.151862,5.189595,5.948260,8.941474,8.979042,Neutral,Neutral ðŸ”´EXIT,63.200000,65.384615,False,False,41.300000,39.235000,43.365000,False,-13.026634,37.996000,3.304000,False,True,Stop Loss Hit ($38.00)
FTI,Weekly,2025-10-24,36.120000,41.340000,35.970000,39.490000,31762531,38.058171,37.637836,36.175553,34.456899,5.348484,5.828305,9.064312,8.994545,Neutral Buy,Neutral Buy â†‘,65.100000,71.153846,False,False,41.300000,39.235000,43.365000,True,-4.382567,37.996000,3.304000,False,False,
FTI,Weekly,2025-10-31,40.050000,42.650000,40.000000,41.350000,17635202,39.704085,38.380268,36.668358,34.850790,5.796646,5.821973,9.370527,9.062906,Neutral,Neutral,73.400000,73.076923,False,False,41.300000,39.235000,43.365000,True,0.121065,37.996000,3.304000,False,False,
FTI,Weekly,2025-11-07,41.540000,43.090000,41.060000,42.850000,14948125,41.277043,39.274215,37.257085,35.307888,6.374794,5.932537,9.774543,9.192294,Strong Buy,Strong Buy â†‘ âœ“ ðŸ”µBUY,76.700000,88.461538,False,False,41.300000,39.235000,43.365000,True,3.753027,37.996000,3.304000,True,False,
