Symbol,TimeFrame,Date,Volume,Open,High,Low,Close,EMA_3,EMA_9,EMA_20,EMA_34,PPO_Line,PPO_Signal,PPO_Histogram,PMO_Line,PMO_Signal,EMA_9_Rising,EMA_34_Rising,PPO_Rising,PMO_Rising,EMA_9_Declining,EMA_34_Declining,PPO_Declining,PMO_Declining,TR_Status,Peak,Valley,Buy_Point,Days_From_Peak,Peak_Date,In_Buy_Zone,Distance_From_BP,Buy_Zone_Lower,Buy_Zone_Upper,Stop_Loss,Risk_Per_Share,Risk_Percentage,Buy_Signal,Exit_Signal,Exit_Reason,TR_Status_Enhanced,RS,Chaikin_AD
GSAT,Daily,2025-05-12,1287781,18.27,19.07,18.01,19.05,19.05,19.05,19.05,19.05,0.0,0.0,0.0,,,False,False,False,False,True,True,True,True,Neutral,False,False,,,,False,,,,,,,False,False,,Neutral,50.0,50.0
GSAT,Daily,2025-05-13,833726,19.37,19.55,18.62,18.92,18.985,19.024,19.03761904761905,19.042571428571428,-0.05446517146805184,-0.010893034293610368,-0.04357213717444147,-6.824146981627255,-6.824146981627255,False,False,False,False,True,True,True,True,Neutral Sell,False,False,,,,False,,,,,,,False,False,,Neutral Sell â†“,50.0,50.0
GSAT,Daily,2025-05-14,646596,18.85,19.35,18.53,18.66,18.822499999999998,18.9512,19.001655328798186,19.020710204081634,-0.2057514386977421,-0.04986471517443672,-0.15588672352330538,-6.860749758875825,-6.830802032036085,False,False,False,False,True,True,True,True,Neutral,False,False,,,,False,,,,,,,False,False,,Neutral,50.0,50.0
GSAT,Daily,2025-05-15,442733,18.69,18.84,18.3,18.66,18.74125,18.892960000000002,18.9691167260555,19.000098192419827,-0.32231486061542264,-0.10435474426263391,-0.21796011635278872,-6.8557264719275075,-6.8353337483799805,False,False,False,False,True,True,True,True,Neutral,False,False,,,,False,,,,,,,False,False,,Neutral,50.0,50.0
GSAT,Daily,2025-05-16,659576,18.58,18.84,18.32,18.35,18.545625,18.784368000000004,18.91015322833593,18.96294972428155,-0.5413380336164328,-0.1917514021333937,-0.34958663148303915,-6.903060275020239,-6.847647662314573,False,False,False,False,True,True,True,True,Neutral,False,False,,,,False,,,,,,,False,False,,Neutral,50.0,50.0
GSAT,Daily,2025-05-19,667018,18.1,18.39,17.76,18.38,18.4628125,18.703494400000004,18.859662444684886,18.92963831146546,-0.6950233898145073,-0.29240579966961644,-0.40261759014489085,-6.898332611212088,-6.856863107568667,False,False,False,False,True,True,True,True,Neutral,False,True,,,,False,,,,,,,False,False,,Neutral,50.0,50.0
GSAT,Daily,2025-05-20,703185,18.32,19.31,18.18,19.17,18.81640625,18.796795520000003,18.889218402333945,18.943373265096003,-0.47259616569247065,-0.3284438728741873,-0.14415229281828335,-6.630378368098663,-6.815684064028665,False,False,False,True,True,True,True,False,Neutral Buy,False,False,,,,False,,,,,,,False,False,,Neutral Buy â†‘,50.0,50.0
GSAT,Daily,2025-05-21,653589,19.0,19.07,18.14,18.31,18.563203125,18.699436416000005,18.834054744968807,18.907180507090516,-0.6577334823806605,-0.394301794775482,-0.26343168760517854,-6.603694635509804,-6.777140531570691,False,False,False,True,True,True,True,False,Neutral Sell,False,False,,,,False,,,,,,,False,True,Downtrend Starting (Neutral Sell),Neutral Sell â†“ ðŸ”´EXIT,50.0,50.0
GSAT,Daily,2025-05-22,508636,18.2,18.57,18.03,18.49,18.526601562499998,18.657549132800003,18.80128762640035,18.883341620971056,-0.7194028718816645,-0.4593220101967186,-0.26008086168494593,-6.49393902144282,-6.725649347911078,False,False,False,True,True,True,True,False,Neutral,False,False,,,,False,,,,,,,False,False,,Neutral,50.0,50.0
GSAT,Daily,2025-05-23,430481,18.21,18.47,18.0,18.26,18.393300781249998,18.578039306240004,18.749736423886027,18.84772209977271,-0.8580804704708251,-0.5390737022515399,-0.3190067682192852,-6.431609315662091,-6.672187523865807,False,False,False,True,True,True,True,False,Neutral,False,False,,,,False,,,,,,,False,False,,Neutral,50.0,50.0
GSAT,Daily,2025-05-27,542762,18.5,19.32,18.5,19.12,18.756650390624998,18.686431444992007,18.784999621611167,18.863280836928556,-0.5900198215991029,-0.5492629261210525,-0.04075689547805039,-6.095126047769655,-6.567267255484688,False,False,True,True,True,True,False,False,Neutral Buy,True,False,,,,False,,,,,,,False,False,,Neutral Buy â†‘,50.0,50.0
GSAT,Daily,2025-05-28,484906,19.08,19.25,18.6,18.9,18.828325195312498,18.729145155993606,18.795952038600582,18.86537907481835,-0.4672098485502135,-0.5328523106068848,0.06564246205667124,-5.836232409347591,-6.434351828914306,True,False,True,True,False,True,False,False,Neutral,False,False,19.32,1.0,2025-05-27,True,-2.1739130434782696,18.354,20.286,17.7744,1.5456000000000003,8.0,False,False,,Neutral,50.0,50.0
GSAT,Daily,2025-05-29,467974,19.03,19.1,18.54,18.71,18.769162597656248,18.725316124794887,18.78776613016243,18.856500270543016,-0.44650605982944597,-0.515583060451397,0.06907700062195105,-5.6373189439422955,-6.289436758919394,True,True,True,True,False,False,False,False,Neutral,False,False,19.32,2.0,2025-05-27,True,-3.1573498964803286,18.354,20.286,17.7744,1.5456000000000003,8.0,False,False,,Neutral,50.0,50.0
GSAT,Daily,2025-05-30,652480,18.53,18.61,18.07,18.46,18.614581298828124,18.67225289983591,18.7565503082422,18.83384311222627,-0.5317390806268948,-0.5188142644864966,-0.012924816140398199,-5.50821838829199,-6.147397055168957,False,False,True,True,True,True,False,False,Neutral Sell,False,False,19.32,3.0,2025-05-27,True,-4.451345755693579,18.354,20.286,17.7744,1.5456000000000003,8.0,False,False,,Neutral Sell â†“,50.0,50.0
GSAT,Daily,2025-06-02,843552,18.19,19.07,17.91,18.57,18.59229064941406,18.65180231986873,18.738783612219134,18.818766362956197,-0.5457537461122749,-0.5242021608116523,-0.021551585300622622,-5.337230091845915,-6.000093970928404,False,False,False,True,True,True,True,False,Neutral,False,True,19.32,4.0,2025-05-27,True,-3.881987577639751,18.354,20.286,17.7744,1.5456000000000003,8.0,False,False,,Neutral,50.0,50.0
GSAT,Daily,2025-06-03,477142,18.6,19.07,18.33,18.95,18.771145324707028,18.711441855894982,18.758899458674453,18.826265427930128,-0.38845123968181855,-0.49705197658568556,0.10860073690386701,-5.054611295470223,-5.828188029936007,False,False,True,True,True,True,False,False,Neutral Buy,False,False,19.32,5.0,2025-05-27,True,-1.915113871635616,18.354,20.286,17.7744,1.5456000000000003,8.0,False,False,,Neutral Buy â†‘,50.0,50.0
GSAT,Daily,2025-06-04,556693,19.0,19.78,18.81,19.62,19.195572662353513,18.893153484715988,18.84090903403879,18.87162168919126,0.023286658618169396,-0.3929842495449146,0.41627090816308404,-4.599300462465729,-5.604753926759593,True,True,True,True,False,False,False,False,Neutral,False,False,19.32,6.0,2025-05-27,True,1.5527950310559042,18.354,20.286,17.7744,1.5456000000000003,8.0,False,False,,Neutral,50.0,50.0
GSAT,Daily,2025-06-05,606407,19.58,20.18,19.27,19.73,19.46278633117676,19.060522787772793,18.925584364130334,18.920671878380332,0.389817740890272,-0.2364238514578773,0.6262415923481492,-4.156239489196739,-5.341387665384529,True,True,True,True,False,False,False,False,Neutral,False,False,19.32,7.0,2025-05-27,True,2.1221532091097317,18.354,20.286,17.7744,1.5456000000000003,8.0,False,False,,Neutral,50.0,50.0
GSAT,Daily,2025-06-06,403435,20.05,20.11,19.63,19.9,19.68139316558838,19.228418230218235,19.018385853260778,18.976633485330026,0.7414404342442635,-0.040850994317449124,0.7822914285617126,-3.710065378104054,-5.044783613151715,True,True,True,True,False,False,False,False,Neutral,False,False,19.32,8.0,2025-05-27,True,3.002070393374732,18.354,20.286,17.7744,1.5456000000000003,8.0,False,False,,Neutral,50.0,50.0
GSAT,Daily,2025-06-09,950077,20.16,21.95,20.16,21.19,20.43569658279419,19.62073458417459,19.225206248188325,19.103111571882597,1.5383444869528926,0.27498810193661927,1.2633563850162735,-2.9661960398893026,-4.666858599831276,True,True,True,True,False,False,False,False,Neutral,False,False,19.32,9.0,2025-05-27,False,9.679089026915118,18.354,20.286,17.7744,1.5456000000000003,8.0,False,False,,Neutral,50.0,50.0
GSAT,Daily,2025-06-10,858143,21.24,21.98,21.08,21.8,21.117848291397095,20.05658766733967,19.470424700741816,19.257219482060734,2.3798130576856344,0.6959530930864224,1.683859964599212,-2.1625544636032688,-4.211530575062547,True,True,True,True,False,False,False,False,Neutral,False,False,19.32,10.0,2025-05-27,False,12.836438923395447,18.354,20.286,17.7744,1.5456000000000003,8.0,False,False,,Neutral,50.0,50.0
GSAT,Daily,2025-06-11,634640,21.93,22.34,21.68,21.93,21.523924145698548,20.431270133871735,19.704669967337832,19.40994979737155,3.0476597683968065,1.1662944281484993,1.8813653402483073,-1.432850909179505,-3.7063160903565393,True,True,True,True,False,False,False,False,Neutral,False,False,19.32,11.0,2025-05-27,False,13.509316770186333,18.354,20.286,17.7744,1.5456000000000003,8.0,False,False,,Neutral,50.0,50.0
GSAT,Daily,2025-06-12,467049,21.9,22.26,21.61,22.19,21.856962072849274,20.78301610709739,19.94136806568661,19.56880980895032,3.6241524230938245,1.6578660271375645,1.96628639595626,-0.7390102737224877,-3.1668059418776204,True,True,True,True,False,False,False,False,Neutral,False,False,19.32,12.0,2025-05-27,False,14.85507246376812,18.354,20.286,17.7744,1.5456000000000003,8.0,False,False,,Neutral,50.0,50.0
GSAT,Daily,2025-06-13,575642,21.79,22.42,21.59,21.95,21.903481036424637,21.016412885677912,20.132666345145026,19.704877819867445,3.9286238695178533,2.1120175956136222,1.816606273904231,-0.1994410136163619,-2.6272850458301185,True,True,True,True,False,False,False,False,Neutral,False,False,19.32,13.0,2025-05-27,False,13.61283643892339,18.354,20.286,17.7744,1.5456000000000003,8.0,False,False,,Neutral,50.0,50.0
GSAT,Daily,2025-06-16,668062,22.14,23.57,21.95,23.38,22.641740518212316,21.48913030854233,20.441936217035977,19.914884801589302,4.658679760401072,2.621350028571112,2.03732973182996,0.6073734853364253,-2.0391653128907468,True,True,True,True,False,False,False,False,Neutral,False,False,19.32,14.0,2025-05-27,False,21.01449275362318,18.354,20.286,17.7744,1.5456000000000003,8.0,False,False,,Neutral,50.0,50.0
GSAT,Daily,2025-06-17,525117,23.11,23.43,22.73,23.33,22.985870259106157,21.857304246833863,20.7169899106516,20.110034241498486,5.137263305086531,3.124532683874196,2.0127306212123353,1.2822654859324432,-1.435268804013803,True,True,True,True,False,False,False,False,Neutral,False,False,19.32,15.0,2025-05-27,False,20.755693581780527,18.354,20.286,17.7744,1.5456000000000003,8.0,False,False,,Neutral,50.0,50.0
GSAT,Daily,2025-06-18,587148,23.43,24.18,23.22,23.84,23.412935129553077,22.25384339746709,21.014419442970496,20.323175141984287,5.62480323892035,3.624586794883427,2.0002164440369232,1.9678372233005637,-0.816522253593009,True,True,True,True,False,False,False,False,Neutral,False,False,19.32,16.0,2025-05-27,False,23.395445134575567,18.354,20.286,17.7744,1.5456000000000003,8.0,False,False,,Neutral,50.0,50.0
GSAT,Daily,2025-06-20,655006,24.2,24.56,23.45,23.48,23.44646756477654,22.499074717973674,21.249236638878067,20.503565133870897,5.794507833916681,4.058571002690078,1.7359368312266028,2.4633468911350147,-0.22018240909700465,True,True,True,True,False,False,False,False,Neutral,True,False,19.32,17.0,2025-05-27,False,21.532091097308488,18.354,20.286,17.7744,1.5456000000000003,8.0,False,False,,Neutral,50.0,50.0
GSAT,Daily,2025-06-23,517922,23.02,23.83,22.8,23.79,23.61823378238827,22.757259774378937,21.49121410184206,20.691361411935418,5.962229566122181,4.439302715376499,1.522926850745682,2.943580701654323,0.35504724740323673,True,True,True,True,False,False,False,False,Neutral,False,False,24.56,1.0,2025-06-20,True,-3.135179153094461,23.331999999999997,25.788,22.5952,1.9648000000000003,8.0,False,False,,Neutral,50.0,50.0
GSAT,Daily,2025-06-24,503870,24.16,24.33,23.7,23.78,23.699116891194137,22.96180781950315,21.709193711190437,20.86785504553911,6.011539751703428,4.753750122641885,1.2577896290615431,3.3361406752764093,0.8970642342892681,True,True,True,True,False,False,False,False,Neutral,False,False,24.56,2.0,2025-06-20,True,-3.175895765472303,23.331999999999997,25.788,22.5952,1.9648000000000003,8.0,False,False,,Neutral,50.0,50.0
GSAT,Daily,2025-06-25,493402,23.71,24.01,23.08,23.21,23.45455844559707,23.01144625560252,21.852127643458015,21.00169190007973,5.773055895617126,4.957611277236934,0.8154446183801918,3.5271066679158025,1.3752537676759107,True,True,False,True,False,False,True,False,Neutral,False,False,24.56,3.0,2025-06-20,False,-5.4967426710097635,23.331999999999997,25.788,22.5952,1.9648000000000003,8.0,False,False,,Neutral,50.0,80.64516129032258
GSAT,Daily,2025-06-26,451460,23.47,23.61,22.93,23.41,23.432279222798535,23.09115700448202,22.000496439319157,21.13930950578946,5.587937297896316,5.08367648136881,0.5042608165275055,3.717217126037316,1.8010652873779842,True,True,False,True,False,False,True,False,Neutral,False,False,24.56,4.0,2025-06-20,True,-4.6824104234527635,23.331999999999997,25.788,22.5952,1.9648000000000003,8.0,False,False,,Neutral,50.0,81.25
GSAT,Daily,2025-06-27,1008592,23.55,24.07,23.27,23.54,23.486139611399267,23.18092560358562,22.14711582605067,21.276491819744347,5.421488342645183,5.151238853624085,0.270249489021098,3.8893801115466835,2.1807588917722933,True,True,False,True,False,False,True,False,Neutral,False,False,24.56,5.0,2025-06-20,True,-4.153094462540715,23.331999999999997,25.788,22.5952,1.9648000000000003,8.0,False,False,,Neutral,50.0,72.72727272727273
GSAT,Daily,2025-06-30,508995,23.63,23.72,23.09,23.55,23.518069805699632,23.2547404828685,22.280723842617274,21.406406572901815,5.2296660249635245,5.166924287891974,0.0627417370715504,4.018161862256949,2.5148321591331397,True,True,False,True,False,False,True,False,Neutral,False,False,24.56,6.0,2025-06-20,True,-4.112377850162859,23.331999999999997,25.788,22.5952,1.9648000000000003,8.0,False,False,,Neutral,50.0,79.41176470588235
GSAT,Daily,2025-07-01,482946,23.32,23.55,22.86,23.14,23.329034902849816,23.2317923862948,22.362559667129915,21.505469054450284,4.875202146073362,5.108579859528252,-0.23337771345488978,4.014830245447945,2.7875590839176496,True,True,False,True,False,False,True,False,Neutral,False,True,24.56,7.0,2025-06-20,False,-5.781758957654716,23.331999999999997,25.788,22.5952,1.9648000000000003,8.0,False,False,,Neutral,50.0,77.14285714285715
GSAT,Daily,2025-07-02,446024,23.07,23.99,23.05,23.79,23.55951745142491,23.343433909035838,22.498506365498493,21.63601367991027,4.766382447868565,5.040140377196314,-0.27375792932774967,4.139364643756663,3.033341912979288,True,True,False,True,False,False,True,False,Neutral,False,False,24.56,8.0,2025-06-20,True,-3.135179153094461,23.331999999999997,25.788,22.5952,1.9648000000000003,8.0,False,False,,Neutral,50.0,86.11111111111111
GSAT,Daily,2025-07-03,521382,24.0,24.97,23.85,24.92,24.239758725712456,23.658747127228672,22.72912480687959,21.823670041058254,5.010966953739708,5.034305692504994,-0.02333873876528525,4.4751947486317665,3.295496974007011,True,True,False,True,False,False,True,False,Neutral,False,False,24.56,9.0,2025-06-20,True,1.465798045602618,23.331999999999997,25.788,22.5952,1.9648000000000003,8.0,False,False,,Neutral,50.0,97.2972972972973
GSAT,Daily,2025-07-07,1989759,25.69,26.59,24.73,26.52,25.37987936285623,24.23099770178294,23.090160539557726,22.092031752997784,5.67356990125217,5.162158534254429,0.5114113669977414,5.078193820867649,3.6196236734362177,True,True,True,True,False,False,False,False,Strong Buy,False,False,24.56,10.0,2025-06-20,False,7.9804560260586355,23.331999999999997,25.788,22.5952,1.9648000000000003,8.0,False,False,,Strong Buy â†‘,50.0,100.0
GSAT,Daily,2025-07-08,1118570,26.42,27.38,26.2,26.95,26.164939681428116,24.774798161426354,23.457764297695086,22.369629938540765,6.2452669117169926,5.378780209746942,0.8664867019700502,5.652375483958185,3.9892149117129385,True,True,True,True,False,False,False,False,Strong Buy,False,False,24.56,11.0,2025-06-20,False,9.731270358306192,23.331999999999997,25.788,22.5952,1.9648000000000003,8.0,False,False,,Strong Buy,50.0,100.0
GSAT,Daily,2025-07-09,809871,27.29,27.65,26.65,27.03,26.59746984071406,25.225838529141086,23.797977221724125,22.635936799195576,6.624422536395688,5.627908675076692,0.9965138613189959,6.128811585632686,4.378232488789256,True,True,True,True,False,False,False,False,Strong Buy,False,False,24.56,12.0,2025-06-20,False,10.057003257329,23.331999999999997,25.788,22.5952,1.9648000000000003,8.0,False,False,,Strong Buy,50.0,97.5
GSAT,Daily,2025-07-10,560159,27.01,27.47,26.53,27.31,26.95373492035703,25.64267082331287,24.132455581559924,22.90302612495583,6.916196038375889,5.885566147736532,1.0306298906393572,6.558306185421793,4.774609524540626,True,True,True,True,False,False,False,False,Strong Buy,False,False,24.56,13.0,2025-06-20,False,11.197068403908796,23.331999999999997,25.788,22.5952,1.9648000000000003,8.0,False,False,,Strong Buy,50.0,100.0
GSAT,Daily,2025-07-11,479241,27.21,27.52,27.02,27.15,27.051867460178514,25.944136658650297,24.419840764268503,23.145710346386924,6.998696080226639,6.108192134234554,0.8905039459920854,6.859609951818384,5.1537005113184,True,True,True,True,False,False,False,False,Strong Buy,False,False,24.56,14.0,2025-06-20,False,10.545602605863193,23.331999999999997,25.788,22.5952,1.9648000000000003,8.0,False,False,,Strong Buy,50.0,95.23809523809523
GSAT,Daily,2025-07-14,447000,27.12,27.67,27.02,27.63,27.340933730089255,26.28130932692024,24.725570215290553,23.401955469450527,7.120596558533469,6.310673019094338,0.8099235394391311,7.174321625534155,5.521086168448537,True,True,True,True,False,False,False,False,Strong Buy,False,False,24.56,15.0,2025-06-20,False,12.500000000000004,23.331999999999997,25.788,22.5952,1.9648000000000003,8.0,False,False,,Strong Buy,50.0,100.0
GSAT,Daily,2025-07-15,655870,27.84,28.17,27.47,27.63,27.48546686504463,26.551047461536193,25.002182575739074,23.643558014053355,7.121870990310699,6.472912613337611,0.6489583769730878,7.40528254447364,5.863667327725828,True,True,True,True,False,False,False,False,Strong Buy,False,False,24.56,16.0,2025-06-20,False,12.500000000000004,23.331999999999997,25.788,22.5952,1.9648000000000003,8.0,False,False,,Strong Buy,50.0,93.18181818181817
GSAT,Daily,2025-07-16,491132,27.82,28.06,26.84,27.46,27.472733432522315,26.732837969228957,25.236260425668686,23.861640413250306,6.980079996137305,6.57434608989755,0.4057339062397549,7.530902509167588,6.166800997078876,True,True,False,True,False,False,True,False,Neutral,False,False,24.56,17.0,2025-06-20,False,11.807817589576556,23.331999999999997,25.788,22.5952,1.9648000000000003,8.0,False,False,,Neutral,50.0,93.33333333333333
GSAT,Daily,2025-07-17,627750,27.7,28.56,27.6,28.28,27.87636671626116,27.04227037538317,25.526140385128812,24.114118103921715,7.029506348803589,6.665378141678758,0.36412820712483107,7.756396364650183,6.455818336637295,True,True,False,True,False,False,True,False,Neutral,True,False,24.56,18.0,2025-06-20,False,15.14657980456027,23.331999999999997,25.788,22.5952,1.9648000000000003,8.0,False,False,,Neutral,50.0,97.82608695652173
GSAT,Daily,2025-07-18,428198,28.4,28.56,27.64,27.97,27.92318335813058,27.227816300306536,25.758888919878448,24.334454212269048,6.8849755331072195,6.709297619964451,0.17567791314276882,7.850042136232339,6.709313572927302,True,True,False,True,False,False,True,False,Neutral,True,False,28.56,1.0,2025-07-17,True,-2.0658263305322127,27.131999999999998,29.988,26.2752,2.284799999999997,8.0,False,False,,Neutral,50.0,93.61702127659575
GSAT,Daily,2025-07-21,926661,28.1,28.23,25.83,25.98,26.951591679065288,26.97825304024523,25.779947117985262,24.428485400139387,6.094953622626932,6.5864288204969474,-0.4914751978700158,7.512084949825281,6.855272005090571,True,True,False,False,False,False,True,True,Neutral Sell,False,False,28.56,1.0,2025-07-18,False,-9.033613445378146,27.131999999999998,29.988,26.2752,2.284799999999997,8.0,False,True,Stop Loss Hit ($26.28),Neutral Sell â†“ ðŸ”´EXIT,50.0,79.16666666666666
GSAT,Daily,2025-07-22,538783,25.98,26.25,25.55,25.88,26.41579583953264,26.758602432196184,25.789475963891427,24.51142909155999,5.377493663459503,6.344641789089459,-0.9671481256299561,7.163189260628544,6.9112569606429295,False,True,False,False,True,False,True,True,Neutral,False,False,28.56,2.0,2025-07-18,False,-9.38375350140056,27.131999999999998,29.988,26.2752,2.284799999999997,8.0,False,True,Stop Loss Hit ($26.28),Neutral ðŸ”´EXIT,50.0,77.55102040816327
GSAT,Daily,2025-07-23,453402,25.87,26.42,25.52,26.1,26.25789791976632,26.62688194575695,25.81904968161605,24.602204572042275,4.821282983255371,6.039970027922641,-1.21868704466727,6.872135978785292,6.904144054850631,False,True,False,False,True,False,True,True,Neutral,False,False,28.56,3.0,2025-07-18,False,-8.613445378151251,27.131999999999998,29.988,26.2752,2.284799999999997,8.0,False,True,Stop Loss Hit ($26.28),Neutral ðŸ”´EXIT,50.0,80.0
GSAT,Daily,2025-07-24,652726,26.06,26.13,24.71,24.93,25.59394895988316,26.287505556605563,25.734378283366905,24.620935739354145,3.9762481677781665,5.6272256558937475,-1.650977488115581,6.349888215804514,6.803370265933156,False,True,False,False,True,False,True,True,Neutral,False,False,28.56,4.0,2025-07-18,False,-12.710084033613441,27.131999999999998,29.988,26.2752,2.284799999999997,8.0,False,True,Stop Loss Hit ($26.28),Neutral ðŸ”´EXIT,50.0,74.50980392156863
GSAT,Daily,2025-07-25,505763,25.06,25.25,24.3,24.57,25.08197447994158,25.944004445284452,25.623485113522438,24.618025125676766,3.1575961086200506,5.1332997464390075,-1.975703637818957,5.793627183263791,6.619780614538725,False,True,False,False,True,False,True,True,Neutral,False,False,28.56,5.0,2025-07-18,False,-13.970588235294112,27.131999999999998,29.988,26.2752,2.284799999999997,8.0,False,True,Stop Loss Hit ($26.28),Neutral ðŸ”´EXIT,50.0,73.07692307692307
GSAT,Daily,2025-07-28,412404,24.56,24.88,24.29,24.8,24.940987239970788,25.715203556227564,25.545057959853633,24.628423689923807,2.5498210170311353,4.616604000557433,-2.0667829835262976,5.337178640525267,6.3865802556271865,False,True,False,False,True,False,True,True,Neutral,False,False,28.56,6.0,2025-07-18,False,-13.165266106442571,27.131999999999998,29.988,26.2752,2.284799999999997,8.0,False,True,Stop Loss Hit ($26.28),Neutral ðŸ”´EXIT,50.0,75.47169811320755
GSAT,Daily,2025-07-29,541059,24.8,24.89,23.73,23.84,24.390493619985392,25.340162844982054,25.382671487486622,24.583370907642447,1.744205694600677,4.042124339366082,-2.297918644765405,4.714092419826052,6.0824915582087975,False,False,False,False,True,True,True,True,Neutral,False,False,28.56,7.0,2025-07-18,False,-16.5266106442577,27.131999999999998,29.988,26.2752,2.284799999999997,8.0,False,True,Stop Loss Hit ($26.28),Neutral ðŸ”´EXIT,50.0,70.37037037037037
GSAT,Daily,2025-07-30,357327,23.95,24.02,23.36,23.62,24.0052468099927,24.996130275985646,25.214798012487897,24.52832114149145,1.0196738946276716,3.4376342504184,-2.4179603557907283,4.1078982135709605,5.723474586456463,False,False,False,False,True,True,True,True,Neutral,False,False,28.56,8.0,2025-07-18,False,-17.296918767506998,27.131999999999998,29.988,26.2752,2.284799999999997,8.0,False,True,Stop Loss Hit ($26.28),Neutral ðŸ”´EXIT,50.0,69.0909090909091
GSAT,Daily,2025-07-31,450153,23.42,23.86,23.27,23.49,23.747623404996347,24.69490422078852,25.050531535108096,24.468988504834797,0.3947053633528487,2.82904847300529,-2.434343109652441,3.5390512672535164,5.326306710237746,False,False,False,False,True,True,True,True,Neutral,False,False,28.56,9.0,2025-07-18,False,-17.752100840336134,27.131999999999998,29.988,26.2752,2.284799999999997,8.0,False,True,Stop Loss Hit ($26.28),Neutral ðŸ”´EXIT,50.0,67.85714285714286
GSAT,Daily,2025-08-01,780302,23.05,23.45,22.35,23.15,23.448811702498173,24.385923376630817,24.86952853176447,24.39361773312995,-0.21316170391274158,2.220606437621684,-2.4337681415344257,2.9576646140428147,4.895644510929576,False,False,False,False,True,True,True,True,Strong Sell,False,True,28.56,10.0,2025-07-18,False,-18.942577030812327,27.131999999999998,29.988,26.2752,2.284799999999997,8.0,False,True,Stop Loss Hit ($26.28),Strong Sell â†“ ðŸ”´EXIT,50.0,73.68421052631578
GSAT,Daily,2025-08-04,586217,23.26,24.32,23.25,24.25,23.849405851249088,24.358738701304656,24.81052581445357,24.385411005522524,-0.33413393707599537,1.709658362682148,-2.0437922997581435,2.696630696564152,4.495823817408589,False,False,False,False,True,True,True,True,Strong Sell,False,False,28.56,11.0,2025-07-18,False,-15.091036414565822,27.131999999999998,29.988,26.2752,2.284799999999997,8.0,False,True,Stop Loss Hit ($26.28),Strong Sell ðŸ”´EXIT,50.0,77.58620689655173
GSAT,Daily,2025-08-05,632737,24.46,25.1,24.39,24.97,24.409702925624543,24.480990961043727,24.82571383212466,24.418816090921236,-0.19207662635761757,1.329311364874195,-1.5213879912318125,2.6164037827023323,4.154111083825633,False,False,False,False,True,True,True,True,Sell,False,False,28.56,12.0,2025-07-18,False,-12.570028011204482,27.131999999999998,29.988,26.2752,2.284799999999997,8.0,False,True,Stop Loss Hit ($26.28),Sell ðŸ”´EXIT,50.0,83.05084745762711
GSAT,Daily,2025-08-06,776604,24.98,26.16,24.8,26.15,25.27985146281227,24.814792768834984,24.95183632430326,24.517740885725736,0.3008258060751577,1.1236142531143876,-0.8227884470392299,2.784042183116477,3.905007647333059,True,True,True,False,False,False,False,True,Neutral Buy,False,False,28.56,13.0,2025-07-18,False,-8.438375350140056,27.131999999999998,29.988,26.2752,2.284799999999997,8.0,False,True,Stop Loss Hit ($26.28),Neutral Buy â†‘ ðŸ”´EXIT,50.0,100.0
GSAT,Daily,2025-08-07,734457,26.3,26.45,24.69,25.18,25.229925731406134,24.88783421506799,24.973566198179142,24.555584263684263,0.37073244843186137,0.9730378921778824,-0.602305443746021,2.716295459493207,3.688878158634904,True,True,True,True,False,False,False,False,Neutral,False,False,28.56,14.0,2025-07-18,False,-11.83473389355742,27.131999999999998,29.988,26.2752,2.284799999999997,8.0,False,True,Stop Loss Hit ($26.28),Neutral ðŸ”´EXIT,50.0,91.80327868852459
GSAT,Daily,2025-08-08,1829730,27.39,30.75,27.3,28.47,26.849962865703066,25.60426737205439,25.306559893590652,24.779265162902306,1.4621120709799647,1.0708527279382989,0.39125934304166576,3.33535293066275,3.624600844458149,True,True,True,True,False,False,False,False,Strong Buy,True,False,28.56,15.0,2025-07-18,True,-0.3151260504201676,27.131999999999998,29.988,26.2752,2.284799999999997,8.0,True,False,,Strong Buy â†‘ âœ“ ðŸ”µBUY,50.0,79.03225806451613
GSAT,Daily,2025-08-11,1014101,28.64,28.82,27.75,28.27,27.559981432851533,26.137413897643516,25.588792284677254,24.978735725022172,2.2194254437996292,1.3005672711105651,0.9188581726890641,3.8095195451147634,3.658222426395715,True,True,True,True,False,False,False,False,Strong Buy,False,False,30.75,1.0,2025-08-08,False,-8.065040650406505,29.2125,32.2875,28.290000000000003,2.4599999999999973,8.0,False,True,Stop Loss Hit ($28.29),Strong Buy ðŸ”´EXIT,50.0,77.77777777777779
GSAT,Daily,2025-08-12,726195,28.56,29.25,28.09,28.11,27.834990716425764,26.531931118114812,25.828907305184185,25.157665112163762,2.7256711357805123,1.5855880440445547,1.1400830917359577,4.164591919448202,3.7502896069507123,True,True,True,True,False,False,False,False,Strong Buy,False,False,30.75,2.0,2025-08-08,False,-8.585365853658539,29.2125,32.2875,28.290000000000003,2.4599999999999973,8.0,False,True,Stop Loss Hit ($28.29),Strong Buy ðŸ”´EXIT,50.0,67.1875
GSAT,Daily,2025-08-13,680971,28.37,28.43,27.03,27.48,27.657495358212884,26.72154489449185,25.986154228499974,25.29036996289726,2.8923107707767817,1.8469325893910002,1.0453781813857814,4.327383683965556,3.8552158027715926,True,True,True,True,False,False,False,False,Strong Buy,False,False,30.75,3.0,2025-08-08,False,-10.634146341463413,29.2125,32.2875,28.290000000000003,2.4599999999999973,8.0,False,True,Stop Loss Hit ($28.29),Strong Buy ðŸ”´EXIT,50.0,61.53846153846154
GSAT,Daily,2025-08-14,623045,27.3,27.53,26.3,26.94,27.29874767910644,26.765235915593482,26.07699668292855,25.384634536445986,2.8239868141537343,2.042343434343547,0.7816433798101872,4.339620886419277,3.9432894543438985,True,True,True,True,False,False,False,False,Strong Buy,False,False,30.75,4.0,2025-08-08,False,-12.39024390243902,29.2125,32.2875,28.290000000000003,2.4599999999999973,8.0,False,True,Stop Loss Hit ($28.29),Strong Buy ðŸ”´EXIT,50.0,62.121212121212125
GSAT,Daily,2025-08-15,514507,27.02,27.23,26.53,26.71,27.00437383955322,26.754188732474788,26.13728271312583,25.46036970579193,2.668153599340388,2.1675054673429157,0.5006481319974725,4.281944677899371,4.004863131353984,True,True,False,True,False,False,True,False,Neutral,False,False,30.75,5.0,2025-08-08,False,-13.138211382113818,29.2125,32.2875,28.290000000000003,2.4599999999999973,8.0,False,True,Stop Loss Hit ($28.29),Neutral ðŸ”´EXIT,50.0,56.71641791044776
GSAT,Daily,2025-08-18,383499,26.71,27.14,26.33,26.35,26.67718691977661,26.67335098597983,26.157541502351943,25.51120572260382,2.4070218042134375,2.21540873471702,0.19161306949641732,4.138692030045049,4.029195658388723,False,True,False,False,True,False,True,True,Neutral,False,False,30.75,6.0,2025-08-08,False,-14.308943089430889,29.2125,32.2875,28.290000000000003,2.4599999999999973,8.0,False,True,Stop Loss Hit ($28.29),Neutral ðŸ”´EXIT,50.0,54.41176470588235
GSAT,Daily,2025-08-19,433936,26.32,26.56,25.15,25.18,25.928593459888305,26.374680788783866,26.064442311651757,25.49227968131217,1.8211913971774816,2.1365652672091127,-0.3153738700316311,3.759452497249459,3.9801514472724926,False,True,False,False,True,False,True,True,Neutral Sell,False,False,30.75,7.0,2025-08-08,False,-18.113821138211385,29.2125,32.2875,28.290000000000003,2.4599999999999973,8.0,False,True,Stop Loss Hit ($28.29),Neutral Sell â†“ ðŸ”´EXIT,50.0,49.275362318840585
GSAT,Daily,2025-08-20,591722,25.1,25.23,24.57,24.92,25.424296729944153,26.083744631027095,25.955447805780164,25.459577985237186,1.2606573879491147,1.9613836913571132,-0.7007263034079985,3.3608689399705876,3.867554627763055,False,False,False,False,True,True,True,True,Neutral,False,False,30.75,8.0,2025-08-08,False,-18.95934959349593,29.2125,32.2875,28.290000000000003,2.4599999999999973,8.0,False,True,Stop Loss Hit ($28.29),Neutral ðŸ”´EXIT,50.0,50.0
GSAT,Daily,2025-08-21,934933,24.67,25.85,24.37,25.71,25.567148364972077,26.008995704821675,25.932071824277294,25.4738878146522,1.0480811428659906,1.7787231816588889,-0.7306420387928982,3.1702304806175956,3.740768419191153,False,False,False,False,True,True,True,True,Neutral,False,True,30.75,9.0,2025-08-08,False,-16.39024390243902,29.2125,32.2875,28.290000000000003,2.4599999999999973,8.0,False,True,Stop Loss Hit ($28.29),Neutral ðŸ”´EXIT,50.0,59.154929577464785
GSAT,Daily,2025-08-22,654310,25.79,26.91,25.52,26.7,26.133574182486036,26.147196563857342,26.00520784101279,25.543951368100647,1.1727710539056004,1.6575327561082311,-0.4847617022026307,3.194294375168725,3.641409502096166,False,True,False,False,True,False,True,True,Neutral,False,False,30.75,10.0,2025-08-08,False,-13.170731707317076,29.2125,32.2875,28.290000000000003,2.4599999999999973,8.0,False,True,Stop Loss Hit ($28.29),Neutral ðŸ”´EXIT,50.0,70.83333333333334
GSAT,Daily,2025-08-25,446461,26.67,27.11,26.45,26.74,26.43678709124302,26.265757251085873,26.075188046630622,25.61229700420918,1.2683572819892832,1.5796976612844416,-0.31134037929515834,3.2058824806484223,3.5622227709238485,True,True,True,False,False,False,False,True,Neutral Buy,False,False,30.75,11.0,2025-08-08,False,-13.04065040650407,29.2125,32.2875,28.290000000000003,2.4599999999999973,8.0,False,True,Stop Loss Hit ($28.29),Neutral Buy â†‘ ðŸ”´EXIT,50.0,67.12328767123287
GSAT,Daily,2025-08-26,1165898,26.78,28.92,26.78,27.98,27.20839354562151,26.6086058008687,26.256598708856277,25.747594318254368,1.7029362144527136,1.604345371918096,0.09859084253461758,3.444179159199586,3.5407602960648914,True,True,True,True,False,False,False,False,Strong Buy,False,False,30.75,12.0,2025-08-08,False,-9.008130081300813,29.2125,32.2875,28.290000000000003,2.4599999999999973,8.0,False,True,Stop Loss Hit ($28.29),Strong Buy ðŸ”´EXIT,50.0,71.62162162162163
GSAT,Daily,2025-08-27,709835,28.03,28.9,27.91,28.2,27.704196772810754,26.92688464069496,26.44168454610806,25.88773178578269,2.084530895615268,1.7003824766575306,0.38414841895773755,3.6711817705248033,3.5644732914212387,True,True,True,True,False,False,False,False,Strong Buy,False,False,30.75,13.0,2025-08-08,False,-8.29268292682927,29.2125,32.2875,28.290000000000003,2.4599999999999973,8.0,False,True,Stop Loss Hit ($28.29),Strong Buy ðŸ”´EXIT,50.0,62.66666666666667
GSAT,Daily,2025-08-28,712208,27.98,29.14,27.64,28.74,28.222098386405378,27.28950771255597,26.660571732193006,26.05071854088082,2.5142109351850617,1.8631481683630369,0.6510627668220248,3.9470477817878216,3.634032289669708,True,True,True,True,False,False,False,False,Strong Buy,False,False,30.75,14.0,2025-08-08,False,-6.536585365853663,29.2125,32.2875,28.290000000000003,2.4599999999999973,8.0,False,False,,Strong Buy,50.0,72.36842105263158
GSAT,Daily,2025-08-29,942106,28.7,30.1,28.15,29.93,29.07604919320269,27.81760617004478,26.97194585293653,26.2723917671162,3.16202443092018,2.1229234208744656,1.0391010100457145,4.3809685191943135,3.769838876856,True,True,True,True,False,False,False,False,Strong Buy,False,False,30.75,15.0,2025-08-08,True,-2.6666666666666674,29.2125,32.2875,28.290000000000003,2.4599999999999973,8.0,True,False,,Strong Buy âœ“ ðŸ”µBUY,50.0,85.71428571428571
GSAT,Daily,2025-09-02,1382715,29.93,31.0,29.63,30.35,29.713024596601343,28.324084936035824,27.293665295514,26.50539795185242,3.7401925034386037,2.4463772373872934,1.2938152660513103,4.802820231570562,3.957653668622284,True,True,True,True,False,False,False,False,Strong Buy,False,False,30.75,16.0,2025-08-08,True,-1.3008130081300766,29.2125,32.2875,28.290000000000003,2.4599999999999973,8.0,False,False,,Strong Buy âœ“,50.0,85.8974358974359
GSAT,Daily,2025-09-03,863011,30.71,31.77,30.08,30.25,29.98151229830067,28.70926794882866,27.575220981655523,26.719375211746566,4.1086131509711805,2.778824420104071,1.3297887308671097,5.12044636067751,4.169070521723234,True,True,True,True,False,False,False,False,Strong Buy,False,False,30.75,17.0,2025-08-08,True,-1.6260162601626018,29.2125,32.2875,28.290000000000003,2.4599999999999973,8.0,False,False,,Strong Buy âœ“,50.0,73.41772151898735
GSAT,Daily,2025-09-04,693186,30.46,30.98,29.92,30.69,30.335756149150335,29.10541435906293,27.871866602450236,26.946268056789616,4.463359749879231,3.115731486059103,1.3476282638201282,5.441724815892057,4.40046221157211,True,True,True,True,False,False,False,False,Strong Buy,False,False,30.75,18.0,2025-08-08,True,-0.19512195121950804,29.2125,32.2875,28.290000000000003,2.4599999999999973,8.0,False,False,,Strong Buy âœ“,50.0,77.5
GSAT,Daily,2025-09-05,719916,31.04,31.56,30.78,31.23,30.782878074575166,29.530331487250344,28.19168883078831,27.19105273925878,4.828513767825048,3.4582879424122925,1.3702258254127555,5.78056107842722,4.651389278273039,True,True,True,True,False,False,False,False,Strong Buy,False,False,30.75,19.0,2025-08-08,True,1.560975609756099,29.2125,32.2875,28.290000000000003,2.4599999999999973,8.0,False,False,,Strong Buy âœ“,50.0,80.24691358024691
GSAT,Daily,2025-09-08,3886059,32.82,38.29,32.56,37.94,34.36143903728758,31.212265189800277,29.12009941833228,27.80527829701542,6.839078328572137,4.134446019644262,2.7046323089278754,7.176323005023182,5.110468137682156,True,True,True,True,False,False,False,False,Strong Buy,False,False,30.75,20.0,2025-08-08,False,23.382113821138205,29.2125,32.2875,28.290000000000003,2.4599999999999973,8.0,False,False,,Strong Buy,50.0,100.0
GSAT,Daily,2025-09-09,4073149,40.03,40.56,35.9,36.91,35.63571951864379,32.35181215184022,29.861994711824444,28.325548108614537,7.973551855573251,4.90226718683006,3.071284668743191,8.187387023626787,5.669907935126634,True,True,True,True,False,False,False,False,Strong Buy,True,False,30.75,21.0,2025-08-08,False,20.03252032520324,29.2125,32.2875,28.290000000000003,2.4599999999999973,8.0,False,False,,Strong Buy,50.0,98.79518072289156
GSAT,Daily,2025-09-10,2471937,36.91,37.0,31.04,31.12,33.37785975932189,32.10544972147218,29.981804739269734,28.485231073836566,7.262215609113236,5.374256871286695,1.8879587378265406,8.178029322800578,6.125930005612806,True,True,True,True,False,False,False,False,Strong Buy,False,False,40.56,1.0,2025-09-09,False,-23.2741617357002,38.532000000000004,42.588,37.315200000000004,3.244799999999998,8.0,False,True,Stop Loss Hit ($37.32),Strong Buy ðŸ”´EXIT,50.0,48.80952380952381
GSAT,Daily,2025-09-11,1563659,31.76,31.97,29.82,30.29,31.833929879660946,31.742359777177747,30.011156668863094,28.58836072676019,6.410865172101603,5.5815785314496775,0.829286640651925,7.985647052096634,6.464060377700775,True,True,False,True,False,False,True,False,Neutral,False,False,40.56,2.0,2025-09-09,False,-25.320512820512825,38.532000000000004,42.588,37.315200000000004,3.244799999999998,8.0,False,True,Stop Loss Hit ($37.32),Neutral ðŸ”´EXIT,50.0,35.294117647058826
GSAT,Daily,2025-09-12,980760,30.01,30.35,29.36,29.94,30.886964939830474,31.381887821742197,30.004379843257084,28.66559725665961,5.581900125244548,5.581642850208652,0.0002572750358957876,7.7178674097299815,6.692025292615176,False,True,False,False,True,False,True,True,Neutral Sell,False,True,40.56,3.0,2025-09-09,False,-26.183431952662723,38.532000000000004,42.588,37.315200000000004,3.244799999999998,8.0,False,True,Stop Loss Hit ($37.32),Neutral Sell â†“ ðŸ”´EXIT,50.0,40.69767441860465
GSAT,Daily,2025-09-15,1042115,30.05,31.25,29.64,31.17,31.02848246991524,31.339510257393762,30.11539128675641,28.808705984850487,5.187087260861599,5.5027317323392415,-0.3156444714776425,7.665581085268146,6.869035436733897,False,True,False,False,True,False,True,True,Neutral,False,False,40.56,4.0,2025-09-09,False,-23.150887573964496,38.532000000000004,42.588,37.315200000000004,3.244799999999998,8.0,False,True,Stop Loss Hit ($37.32),Neutral ðŸ”´EXIT,50.0,54.02298850574713
GSAT,Daily,2025-09-16,1095840,31.23,32.13,31.2,32.09,31.55924123495762,31.48960820591501,30.303449259446275,28.996208500001888,5.05430698040507,5.413046781952408,-0.35873980154733776,7.736510912502634,7.026758250510031,False,True,False,False,True,False,True,True,Neutral Buy,False,False,40.56,5.0,2025-09-09,False,-20.88264299802761,38.532000000000004,42.588,37.315200000000004,3.244799999999998,8.0,False,True,Stop Loss Hit ($37.32),Neutral Buy â†‘ ðŸ”´EXIT,50.0,77.27272727272727
GSAT,Daily,2025-09-17,1853316,32.13,34.9,32.09,34.28,32.91962061747881,32.04768656473201,30.682168377594248,29.298139442858922,5.444873217950298,5.419412069151987,0.025461148798311406,8.11727395774155,7.2250338336430335,True,True,False,True,False,False,True,False,Neutral,False,False,40.56,6.0,2025-09-09,False,-15.483234714003945,38.532000000000004,42.588,37.315200000000004,3.244799999999998,8.0,False,True,Stop Loss Hit ($37.32),Neutral ðŸ”´EXIT,50.0,97.75280898876404
GSAT,Daily,2025-09-18,1019655,34.56,35.2,34.1,34.56,33.73981030873941,32.55014925178561,31.051485674966226,29.59881718898127,5.743869858398954,5.48430362700138,0.2595662313975735,8.442903512519385,7.446464684347824,True,True,True,True,False,False,False,False,Strong Buy,False,False,40.56,7.0,2025-09-09,False,-14.792899408284022,38.532000000000004,42.588,37.315200000000004,3.244799999999998,8.0,False,True,Stop Loss Hit ($37.32),Strong Buy â†‘ ðŸ”´EXIT,50.0,94.44444444444444
GSAT,Daily,2025-09-19,1747719,34.87,36.08,34.35,35.1,34.4199051543697,33.060119401428494,31.437058467826585,29.913170492468055,6.032002393699174,5.593843380340939,0.43815901335823515,8.759153616138967,7.685135399218941,True,True,True,True,False,False,False,False,Strong Buy,False,False,40.56,8.0,2025-09-09,False,-13.461538461538463,38.532000000000004,42.588,37.315200000000004,3.244799999999998,8.0,False,True,Stop Loss Hit ($37.32),Strong Buy ðŸ”´EXIT,50.0,89.01098901098901
GSAT,Daily,2025-09-22,987544,35.05,36.43,34.4,36.06,35.23995257718485,33.6600955211428,31.877338613747863,30.26441789289845,6.407113074164155,5.756497319105582,0.6506157550585723,9.12775502073606,7.947429875858417,True,True,True,True,False,False,False,False,Strong Buy,False,False,40.56,9.0,2025-09-09,False,-11.094674556213018,38.532000000000004,42.588,37.315200000000004,3.244799999999998,8.0,False,True,Stop Loss Hit ($37.32),Strong Buy ðŸ”´EXIT,50.0,98.91304347826086
GSAT,Daily,2025-09-23,805217,36.09,37.75,36.02,36.6,35.91997628859242,34.248076416914245,32.32711588862902,30.626451156161398,6.7385283124710815,5.952903517778682,0.7856247946923993,9.47366197004311,8.224926620255633,True,True,True,True,False,False,False,False,Strong Buy,True,False,40.56,10.0,2025-09-09,False,-9.763313609467456,38.532000000000004,42.588,37.315200000000004,3.244799999999998,8.0,False,True,Stop Loss Hit ($37.32),Strong Buy ðŸ”´EXIT,50.0,94.6236559139785
GSAT,Daily,2025-09-24,752122,36.6,36.91,35.16,35.72,35.81998814429621,34.5424611335314,32.650247708759586,30.917511090095033,6.697345855642824,6.101791985351511,0.5955538702913126,9.591897919757667,8.47346685652873,True,True,True,True,False,False,False,False,Strong Buy,False,False,37.75,1.0,2025-09-23,False,-5.377483443708613,35.8625,39.6375,34.730000000000004,3.019999999999996,8.0,False,False,,Strong Buy,50.0,90.42553191489363
GSAT,Daily,2025-09-25,805380,35.01,35.4,34.0,34.65,35.234994072148105,34.56396890682512,32.84070030792534,31.130796170661032,6.330720300590997,6.147577648399409,0.18314265219158798,9.483686283738034,8.65714311602133,True,True,False,True,False,False,True,False,Neutral,False,False,37.75,2.0,2025-09-23,False,-8.211920529801327,35.8625,39.6375,34.730000000000004,3.019999999999996,8.0,False,True,Stop Loss Hit ($34.73),Neutral ðŸ”´EXIT,50.0,86.31578947368422
GSAT,Daily,2025-09-26,658164,34.32,34.89,33.9,34.19,34.712497036074055,34.48917512546009,32.96920504050388,31.30560781805183,5.861878031786526,6.090437725076833,-0.22855969329030668,9.270800152645327,8.768717122680238,True,True,False,False,False,False,True,True,Neutral,False,True,37.75,3.0,2025-09-23,False,-9.430463576158948,35.8625,39.6375,34.730000000000004,3.019999999999996,8.0,False,True,Stop Loss Hit ($34.73),Neutral ðŸ”´EXIT,50.0,80.20833333333334
GSAT,Daily,2025-09-29,1201691,34.5,36.59,34.42,35.37,35.04124851803702,34.66534010036808,33.19785217950351,31.537858799877437,5.702991864723445,6.012948553006156,-0.3099566882827114,9.222446211785492,8.851213320699374,True,True,False,False,False,False,True,True,Neutral,False,False,37.75,4.0,2025-09-23,False,-6.304635761589411,35.8625,39.6375,34.730000000000004,3.019999999999996,8.0,False,False,,Neutral,50.0,75.25773195876289
GSAT,Daily,2025-09-30,1169286,36.0,36.68,35.68,36.39,35.71562425901851,35.01027208029446,33.501866257646036,31.815124011313014,5.745715330170264,5.959501908438979,-0.2137865782687145,9.284913887145269,8.930067969144082,True,True,False,False,False,False,True,True,Neutral,False,False,37.75,5.0,2025-09-23,True,-3.602649006622515,35.8625,39.6375,34.730000000000004,3.019999999999996,8.0,False,False,,Neutral,50.0,90.81632653061224
GSAT,Daily,2025-10-01,1558968,35.95,39.18,35.39,39.16,37.437812129509254,35.840217664235574,34.040736137870226,32.234831210666556,6.336588292892703,6.0349191853297235,0.3016691075629794,9.691916156028528,9.06858582130489,True,True,True,True,False,False,False,False,Strong Buy,False,False,37.75,6.0,2025-09-23,True,3.7350993377483355,35.8625,39.6375,34.730000000000004,3.019999999999996,8.0,True,False,,Strong Buy â†‘ âœ“ ðŸ”µBUY,50.0,98.98989898989899
GSAT,Daily,2025-10-02,1382896,39.18,40.6,38.66,40.27,38.853906064754625,36.72617413138846,34.63399936283496,32.69398371291418,6.949039673982458,6.217743283060271,0.7312963909221875,10.138393407478162,9.263096291518211,True,True,True,True,False,False,False,False,Strong Buy,False,False,37.75,7.0,2025-09-23,False,6.67549668874173,35.8625,39.6375,34.730000000000004,3.019999999999996,8.0,False,False,,Strong Buy,50.0,99.0
GSAT,Daily,2025-10-03,1380072,40.46,42.23,39.8,42.13,40.49195303237731,37.806939305110774,35.34790418542211,33.2331846436048,7.724102778722763,6.519015182192769,1.205087596529994,10.710646910932349,9.526287313229872,True,True,True,True,False,False,False,False,Strong Buy,False,False,37.75,8.0,2025-09-23,False,11.602649006622523,35.8625,39.6375,34.730000000000004,3.019999999999996,8.0,False,False,,Strong Buy,50.0,100.0
GSAT,Daily,2025-10-06,2264495,42.72,45.53,42.56,44.74,42.61597651618865,39.19355144408862,36.24238950109619,33.890716949684524,8.751988107130055,6.965609767180226,1.7863783399498292,11.470749543860812,9.879825900617316,True,True,True,True,False,False,False,False,Strong Buy,False,False,37.75,9.0,2025-09-23,False,18.516556291390735,35.8625,39.6375,34.730000000000004,3.019999999999996,8.0,False,False,,Strong Buy,50.0,100.0
GSAT,Daily,2025-10-07,1792491,44.5,46.02,42.59,43.73,43.17298825809432,40.1008411552709,36.955495262896555,34.45296169541684,9.193834872502784,7.411254788244738,1.7825800842580453,11.94011964230835,10.254424762742957,True,True,True,True,False,False,False,False,Strong Buy,False,False,37.75,10.0,2025-09-23,False,15.841059602648999,35.8625,39.6375,34.730000000000004,3.019999999999996,8.0,False,False,,Strong Buy,50.0,99.02912621359224
GSAT,Daily,2025-10-08,1396195,44.46,46.5,44.09,45.53,44.35149412904716,41.18667292421672,37.77211476166831,35.08593531282159,9.761487022511664,7.881301235098124,1.8801857874135406,12.495806547943491,10.661948723688509,True,True,True,True,False,False,False,False,Strong Buy,False,False,37.75,11.0,2025-09-23,False,20.60927152317881,35.8625,39.6375,34.730000000000004,3.019999999999996,8.0,False,False,,Strong Buy,50.0,99.03846153846155
GSAT,Daily,2025-10-09,1027162,45.25,47.32,45.2,47.06,45.70574706452358,42.361338339373376,38.65667526055705,35.770167580660356,10.350155424145598,8.375072072907619,1.9750833512379788,13.082324250122921,11.102017001222038,True,True,True,True,False,False,False,False,Strong Buy,False,False,37.75,12.0,2025-09-23,False,24.662251655629145,35.8625,39.6375,34.730000000000004,3.019999999999996,8.0,False,False,,Strong Buy,50.0,100.0
GSAT,Daily,2025-10-10,1353140,47.18,47.44,43.0,43.39,44.54787353226179,42.5670706714987,39.10746809288496,36.20558657605119,9.947528237202729,8.68956330576664,1.2579649314360886,13.101661468591777,11.46558872256199,True,True,True,True,False,False,False,False,Strong Buy,True,False,37.75,13.0,2025-09-23,False,14.94039735099338,35.8625,39.6375,34.730000000000004,3.019999999999996,8.0,False,False,,Strong Buy,50.0,96.22641509433963
GSAT,Daily,2025-10-13,831048,45.0,45.88,44.24,44.3,44.42393676613089,42.91365653719896,39.60199494118163,36.66812448599112,9.683555659789036,8.88836177657112,0.795193883217916,13.159830112189715,11.773632611585212,True,True,False,True,False,False,True,False,Neutral,False,False,47.44,1.0,2025-10-10,False,-6.618887015177068,45.068,49.812,43.6448,3.7952000000000012,8.0,False,False,,Neutral,50.0,94.39252336448598
GSAT,Daily,2025-10-14,1005527,42.97,43.84,41.02,43.31,43.86696838306545,42.992925229759166,39.955138280116714,37.04766022964877,9.168410657474917,8.94437155275188,0.22403910472303679,13.021664906010017,12.000547574207904,True,True,False,False,False,False,True,True,Neutral,False,True,47.44,2.0,2025-10-10,False,-8.705733558178743,45.068,49.812,43.6448,3.7952000000000012,8.0,False,True,Stop Loss Hit ($43.64),Neutral ðŸ”´EXIT,50.0,95.37037037037037
GSAT,Daily,2025-10-15,868180,45.17,46.05,44.01,44.57,44.218484191532724,43.30834018380734,40.394648920105595,37.47750821652598,8.89296516811176,8.934090275823856,-0.04112510771209621,12.98863444364364,12.180199732287127,True,True,False,False,False,False,True,True,Neutral,False,False,47.44,3.0,2025-10-10,False,-6.049747048903874,45.068,49.812,43.6448,3.7952000000000012,8.0,False,False,,Neutral,50.0,93.57798165137615
GSAT,Daily,2025-10-16,797970,44.89,45.33,43.63,44.28,44.24924209576636,43.50267214704587,40.764682356286016,37.866222032724494,8.513283285048237,8.849928877668733,-0.33664559262049565,12.857260512862169,12.30330169239168,True,True,False,False,False,False,True,True,Neutral,False,False,47.44,4.0,2025-10-10,False,-6.661045531197295,45.068,49.812,43.6448,3.7952000000000012,8.0,False,False,,Neutral,50.0,92.72727272727272
GSAT,Daily,2025-10-17,749757,43.3,45.16,42.84,43.56,43.90462104788318,43.5141377176367,41.030903084258775,38.191580773711664,7.97972374505691,8.675887851146369,-0.6961641060894586,12.590941396800288,12.35559982046597,True,True,False,False,False,False,True,True,Neutral,False,False,47.44,5.0,2025-10-10,False,-8.178752107925792,45.068,49.812,43.6448,3.7952000000000012,8.0,False,True,Stop Loss Hit ($43.64),Neutral ðŸ”´EXIT,50.0,90.990990990991
GSAT,Daily,2025-10-20,695347,44.63,45.94,44.24,44.49,44.197310523941596,43.70931017410936,41.360340885757935,38.551490443785276,7.641131208695201,8.468936522656136,-0.8278053139609352,12.409715913298482,12.36543911007188,True,True,False,False,False,False,True,True,Neutral,False,False,47.44,6.0,2025-10-10,False,-6.218381112984814,45.068,49.812,43.6448,3.7952000000000012,8.0,False,False,,Neutral,50.0,89.28571428571429
GSAT,Daily,2025-10-21,846857,44.28,46.55,43.74,44.96,44.578655261970795,43.95944813928749,41.7031655633048,38.91769098985469,7.370874990488452,8.2493242162226,-0.8784492257341485,12.245094433008232,12.343558259696671,True,True,False,False,False,False,True,True,Neutral,False,False,47.44,7.0,2025-10-10,False,-5.227655986509268,45.068,49.812,43.6448,3.7952000000000012,8.0,False,False,,Neutral,50.0,88.49557522123894
GSAT,Daily,2025-10-22,1153346,44.51,44.55,40.5,42.06,43.3193276309854,43.579558511429994,41.73714979537101,39.097251504720134,6.537204200138443,7.90690021300577,-1.369696012867327,11.698357698302868,12.22624906671598,True,True,False,False,False,False,True,True,Neutral Sell,False,True,47.44,8.0,2025-10-10,False,-11.3406408094435,45.068,49.812,43.6448,3.7952000000000012,8.0,False,True,Stop Loss Hit ($43.64),Neutral Sell â†“ ðŸ”´EXIT,50.0,86.8421052631579
GSAT,Daily,2025-10-23,2203609,42.31,46.75,42.09,44.06,43.6896638154927,43.675646809144,41.95837362438329,39.380837133021835,6.18048511778442,7.561617193961499,-1.3811320761770798,11.42086974644065,12.079816463029555,False,True,False,False,True,False,True,True,Neutral Buy,False,False,47.44,9.0,2025-10-10,False,-7.124789207419889,45.068,49.812,43.6448,3.7952000000000012,8.0,False,False,,Neutral Buy â†‘,50.0,86.08695652173914
GSAT,Daily,2025-10-24,818846,45.03,45.72,44.0,45.27,44.47983190774635,43.994517447315204,42.273766612537266,39.71736072542058,6.050702274145876,7.259434209998375,-1.2087319358524988,11.268633646411752,11.932328678189954,True,True,False,False,False,False,True,True,Neutral,False,False,47.44,10.0,2025-10-10,True,-4.574198988195604,45.068,49.812,43.6448,3.7952000000000012,8.0,False,False,,Neutral,50.0,87.06896551724138
GSAT,Daily,2025-10-27,1193408,46.37,46.39,41.5,42.63,43.55491595387318,43.72161395785217,42.30769360181943,39.88379725539655,5.392682805189114,6.886083929036523,-1.4934011238474092,10.770371583600513,11.721063751900965,True,True,False,False,False,False,True,True,Neutral Sell,False,False,47.44,11.0,2025-10-10,False,-10.139123102866769,45.068,49.812,43.6448,3.7952000000000012,8.0,False,True,Stop Loss Hit ($43.64),Neutral Sell â†“ ðŸ”´EXIT,50.0,84.61538461538461
GSAT,Daily,2025-10-28,626335,42.57,43.33,41.46,41.79,42.672457976936585,43.335291166281735,42.258389449265195,39.99272312651674,4.661431387519558,6.441153420733131,-1.7797220332135728,10.183365614155262,11.441482272310838,False,True,False,False,True,False,True,True,Neutral,False,False,47.44,12.0,2025-10-10,False,-11.909780775716692,45.068,49.812,43.6448,3.7952000000000012,8.0,False,True,Stop Loss Hit ($43.64),Neutral ðŸ”´EXIT,50.0,83.05084745762711
GSAT,Daily,2025-10-29,541935,42.23,42.98,41.06,41.54,42.10622898846829,42.976232933025386,42.18997140647804,40.08113894785864,3.98939643813691,5.950802024213887,-1.9614055860769772,9.59623798402819,11.1059833108049,False,True,False,False,True,False,True,True,Neutral,False,False,47.44,13.0,2025-10-10,False,-12.436762225969643,45.068,49.812,43.6448,3.7952000000000012,8.0,False,True,Stop Loss Hit ($43.64),Neutral ðŸ”´EXIT,50.0,82.35294117647058
GSAT,Daily,2025-10-30,5594367,41.3,54.57,41.26,50.78,46.443114494234145,44.536986346420306,43.00806936776584,40.69250243655243,5.116244620169243,5.783890543404958,-0.6676459232357148,10.220676374593756,10.945018413311963,True,True,False,False,False,False,True,True,Neutral Buy,False,False,47.44,14.0,2025-10-10,False,7.040472175379434,45.068,49.812,43.6448,3.7952000000000012,8.0,False,False,,Neutral Buy â†‘,50.0,92.5
GSAT,Daily,2025-10-31,2941029,49.25,55.78,48.65,54.41,50.426557247117074,46.51158907713624,44.09396752321671,41.47635944017801,6.539259713859604,5.934964377495888,0.604295336363716,11.078406323014748,10.96927076053065,True,True,True,True,False,False,False,False,Strong Buy,True,False,47.44,15.0,2025-10-10,False,14.692242833052275,45.068,49.812,43.6448,3.7952000000000012,8.0,False,False,,Strong Buy,50.0,99.17355371900827
GSAT,Daily,2025-11-03,1584215,54.35,54.7,50.21,50.38,50.403278623558535,47.285271261709,44.692637282910354,41.985138900739265,6.8288551897321925,6.113742539943149,0.7151126497890434,11.360828086509333,11.040463001617681,True,True,True,True,False,False,False,False,Strong Buy,False,False,55.78,1.0,2025-10-31,False,-9.680889207601288,52.991,58.569,51.317600000000006,4.462399999999995,8.0,False,True,Stop Loss Hit ($51.32),Strong Buy ðŸ”´EXIT,50.0,94.26229508196722
GSAT,Daily,2025-11-04,1200344,49.0,50.01,46.67,46.92,48.66163931177927,47.2122170093672,44.90476706549032,42.267130963554166,6.370923921956597,6.16517881634584,0.20574510561075687,11.178670625524576,11.065591660509844,True,True,True,True,False,False,False,False,Strong Buy,False,False,55.78,2.0,2025-10-31,False,-15.883829329508783,52.991,58.569,51.317600000000006,4.462399999999995,8.0,False,True,Stop Loss Hit ($51.32),Strong Buy ðŸ”´EXIT,50.0,87.8048780487805
GSAT,Daily,2025-11-05,1956409,47.15,51.56,46.5,51.13,49.89581965588964,47.99577360749376,45.49764639258648,42.77358062277964,6.655175220366218,6.263178097149916,0.391997123216302,11.438618216272477,11.133414670648504,True,True,True,True,False,False,False,False,Strong Buy,False,False,55.78,3.0,2025-10-31,False,-8.336321262101109,52.991,58.569,51.317600000000006,4.462399999999995,8.0,False,True,Stop Loss Hit ($51.32),Strong Buy ðŸ”´EXIT,50.0,96.7741935483871
GSAT,Daily,2025-11-06,1112365,50.8,50.8,47.7,48.25,49.07290982794482,48.04661888599501,45.759775307578245,43.08651887290652,6.303206241537132,6.27118372602736,0.0320225155097722,11.30219444963808,11.164101903192062,True,True,False,False,False,False,True,True,Neutral,False,False,55.78,4.0,2025-10-31,False,-13.499462172821802,52.991,58.569,51.317600000000006,4.462399999999995,8.0,False,True,Stop Loss Hit ($51.32),Neutral ðŸ”´EXIT,50.0,92.0
GSAT,Daily,2025-11-07,1277662,48.92,51.24,47.25,50.48,49.77645491397241,48.53329510879601,46.209320516380316,43.50900350874043,6.326959698777281,6.282338920577345,0.04462077819993571,11.370358385189494,11.20160308173705,True,True,False,True,False,False,True,False,Neutral,False,False,55.78,5.0,2025-10-31,False,-9.501613481534607,52.991,58.569,51.317600000000006,4.462399999999995,8.0,False,True,Stop Loss Hit ($51.32),Neutral ðŸ”´EXIT,50.0,96.82539682539682
