Date,Open,High,Low,Close,Volume,EMA_3,EMA_9,EMA_20,EMA_34,PPO_Line,PPO_Signal,PMO_Line,PMO_Signal,TR_Status,TR_Status_Enhanced,RS,Chaikin_AD,Peak,Valley,Buy_Point,Buy_Zone_Lower,Buy_Zone_Upper,In_Buy_Zone,Distance_From_BP,Stop_Loss,Risk_Per_Share,Buy_Signal,Exit_Signal,Exit_Reason
2020-11-22,87.230360,87.812350,85.908483,86.224304,67908000,86.224304,86.224304,86.224304,86.224304,0.000000,0.000000,,,Neutral,Neutral,50.000000,50.000000,False,False,,,,False,,,,False,False,
2020-11-29,86.414991,89.235043,84.923280,88.738960,84904000,87.481632,86.727235,86.463795,86.367999,0.232147,0.046429,29.164121,29.164121,Neutral Buy,Neutral Buy â†‘,50.000000,50.000000,False,False,,,,False,,,,False,False,
2020-12-06,88.174355,91.560004,86.793377,90.563377,144464000,89.022505,87.494464,86.854232,86.607735,0.577751,0.152694,29.118594,29.155844,Neutral,Neutral,50.000000,50.000000,False,False,,,,False,,,,False,False,
2020-12-13,90.155689,90.837987,86.082777,88.132133,121268000,88.577319,87.621998,86.975937,86.694843,0.618189,0.245793,28.783582,29.088160,Neutral,Neutral,50.000000,50.000000,False,False,,,,False,,,,False,False,
2020-12-20,87.929553,88.877013,85.162618,85.719772,199214000,87.148546,87.241553,86.856302,86.639125,0.422123,0.281059,28.200196,28.926712,Neutral Sell,Neutral Sell â†“,50.000000,50.000000,False,False,,,,False,,,,False,False,
2020-12-27,84.871129,86.608148,84.119810,86.114067,86630000,86.631306,87.016056,86.785613,86.609122,0.299666,0.284780,27.576825,28.681278,Neutral,Neutral,50.000000,50.000000,False,True,,,,False,,,,False,False,
2021-01-03,86.647889,88.810970,85.808177,87.031738,89472000,86.831522,87.019192,86.809053,86.633271,0.284489,0.284722,26.954629,28.367342,Neutral,Neutral,50.000000,50.000000,False,False,,,,False,,,,False,False,
2021-01-10,87.397213,89.351725,84.224100,89.275749,181692000,88.053636,87.470504,87.043977,86.784270,0.474810,0.322740,26.416771,28.012692,Neutral Buy,Neutral Buy â†‘,50.000000,50.000000,False,False,,,,False,,,,False,False,
2021-01-17,88.242389,88.607872,84.999254,85.789299,148412000,86.921467,87.134263,86.924484,86.727414,0.299268,0.318045,25.610773,27.575980,Neutral Sell,Neutral Sell â†“ ðŸ”´EXIT,50.000000,50.000000,False,False,,,,False,,,,False,True,Downtrend Starting (Neutral Sell)
2021-01-24,86.553037,95.942279,86.048021,93.979813,197190000,90.450640,88.503373,87.596420,87.141837,0.904955,0.435427,25.291688,27.160654,Neutral Buy,Neutral Buy â†‘,50.000000,50.000000,False,False,,,,False,,,,False,False,
2021-01-31,94.981905,95.432798,89.248439,90.742142,264368000,90.596391,88.951126,87.896012,87.347569,1.071869,0.562716,24.702934,26.713796,Neutral,Neutral,50.000000,50.000000,False,False,,,,False,,,,False,False,
2021-02-07,91.597735,104.609496,91.597735,103.726089,282928000,97.161240,91.906119,89.403639,88.283484,2.342805,0.918734,24.826212,26.370599,Neutral,Neutral,50.000000,50.000000,False,False,,,,False,,,,False,False,
2021-02-14,104.280762,105.025625,101.909119,104.033966,115292000,100.597603,94.331688,90.797003,89.183512,3.308759,1.396739,24.815901,26.087926,Neutral,Neutral,50.000000,50.000000,False,False,,,,False,,,,False,False,
2021-02-21,103.871091,106.522308,103.457951,103.725105,111782000,102.161354,96.210372,92.028251,90.014460,3.978280,1.913047,24.660081,25.828318,Neutral,Neutral,50.000000,50.000000,True,False,,,,False,,,,False,False,
2021-02-28,101.976666,103.700772,98.829853,100.403000,168322000,101.282177,97.048897,92.825846,90.608091,4.163198,2.363077,24.226997,25.537169,Neutral,Neutral,50.000000,50.000000,False,False,106.522308,101.196193,111.848423,False,-5.744626,98.000523,8.521785,False,False,
2021-03-07,101.698580,104.588632,99.017056,104.135262,187832000,102.708719,98.466170,93.902933,91.381072,4.563253,2.803112,23.925424,25.244124,Neutral,Neutral,50.000000,50.000000,False,False,106.522308,101.196193,111.848423,True,-2.240889,98.000523,8.521785,False,False,
2021-03-14,103.489220,104.963049,99.572729,101.797890,159408000,102.253304,99.132514,94.654834,91.976319,4.621752,3.166840,23.422382,24.912898,Neutral,Neutral,50.000000,50.000000,False,False,106.522308,101.196193,111.848423,True,-4.435144,98.000523,8.521785,False,False,
2021-03-21,101.548612,104.960065,99.460508,100.653778,162222000,101.453541,99.436767,95.226162,92.472174,4.516709,3.436814,22.809139,24.530397,Neutral,Neutral,50.000000,50.000000,False,False,106.522308,101.196193,111.848423,False,-5.509203,98.000523,8.521785,False,False,
2021-03-28,100.687053,102.671865,99.120855,100.543045,150858000,100.998293,99.658023,95.732532,92.933366,4.371413,3.623734,22.158621,24.099165,Neutral,Neutral,50.000000,50.000000,False,False,106.522308,101.196193,111.848423,False,-5.613156,98.000523,8.521785,False,False,
2021-04-04,100.415426,106.056023,99.585647,105.759567,136254000,103.378930,100.878331,96.687488,93.666292,4.626123,3.824211,21.760030,23.673868,Neutral,Neutral,50.000000,50.000000,False,False,106.522308,101.196193,111.848423,True,-0.716038,98.000523,8.521785,False,False,
2021-04-11,106.622106,112.919684,106.525770,112.755814,162694000,108.067372,103.253828,98.217804,94.757122,5.317171,4.122803,21.654315,23.306676,Neutral,Neutral,50.000000,50.000000,False,False,106.522308,101.196193,111.848423,False,5.851831,98.000523,8.521785,False,False,
2021-04-18,111.933987,114.013637,110.627992,113.355675,127164000,110.711523,105.274197,99.659506,95.819896,5.821060,4.462455,21.477556,22.974109,Neutral,Neutral,53.100000,50.000000,False,False,106.522308,101.196193,111.848423,False,6.414963,98.000523,8.521785,False,False,
2021-04-25,112.731483,114.516175,111.248708,114.208794,128994000,112.460158,107.061117,101.045153,96.870690,6.195036,4.808971,21.252699,22.661125,Neutral,Neutral,53.000000,50.000000,False,False,106.522308,101.196193,111.848423,False,7.215846,98.000523,8.521785,False,False,
2021-05-02,114.436713,120.736264,113.524997,116.868950,243620000,114.664554,109.022683,102.552181,98.013448,6.599642,5.167105,21.071349,22.372075,Neutral,Neutral,52.800000,50.000000,True,False,106.522308,101.196193,111.848423,False,9.713122,98.000523,8.521785,False,False,
2021-05-09,117.435539,118.261841,112.061113,116.790977,153784000,115.727766,110.576342,103.908257,99.086450,6.816302,5.496944,20.801368,22.086492,Neutral,Neutral,53.500000,50.000000,False,False,120.736264,114.699450,126.773077,True,-3.267689,111.077363,9.658901,False,False,
2021-05-16,115.609630,115.751656,108.929692,113.138680,176676000,114.433223,111.088810,104.787345,99.889434,6.627298,5.723015,20.295149,21.760793,Neutral,Neutral,53.700000,50.000000,False,False,120.736264,114.699450,126.773077,False,-6.292711,111.077363,9.658901,False,False,
2021-05-23,112.403236,115.150303,110.509809,113.920776,140470000,114.177000,111.655203,105.657195,100.691225,6.455625,5.869537,19.791779,21.402791,Neutral,Neutral,54.100000,50.000000,False,False,120.736264,114.699450,126.773077,False,-5.644938,111.077363,9.658901,False,False,
2021-05-30,114.951658,118.634271,114.806162,117.035294,132550000,115.606147,112.731221,106.740824,101.625172,6.467222,5.989074,19.401585,21.038935,Neutral,Neutral,54.700000,50.000000,False,False,120.736264,114.699450,126.773077,True,-3.065334,111.077363,9.658901,False,False,
2021-06-06,117.908780,119.129844,115.678160,118.858711,87666000,117.232429,113.956719,107.894908,102.609946,6.524047,6.096069,19.047946,20.676937,Neutral,Neutral,54.000000,50.000000,False,False,120.736264,114.699450,126.773077,True,-1.555086,111.077363,9.658901,False,False,
2021-06-13,118.653643,121.249717,118.234536,120.677666,114164000,118.955047,115.300908,109.112314,103.642387,6.612675,6.199390,18.725950,20.322212,Neutral,Neutral,55.800000,50.000000,False,False,120.736264,114.699450,126.773077,True,-0.048534,111.077363,9.658901,False,False,
2021-06-20,120.779972,121.934514,118.651653,119.288246,142090000,119.121647,116.098376,110.081450,104.536436,6.499230,6.259358,18.290809,19.952866,Neutral,Neutral,52.800000,50.000000,False,False,120.736264,114.699450,126.773077,True,-1.199323,111.077363,9.658901,False,False,
2021-06-27,119.675094,122.252315,119.077213,121.669327,124908000,120.395487,117.212566,111.185057,105.515458,6.495093,6.306505,17.927817,19.584675,Neutral,Neutral,54.600000,50.000000,False,False,120.736264,114.699450,126.773077,True,0.772811,111.077363,9.658901,False,False,
2021-07-04,121.838166,124.545009,120.523246,124.399513,120200000,122.397500,118.649956,112.443577,106.594547,6.596441,6.364492,17.641512,19.231373,Neutral,Neutral,51.700000,50.000000,False,False,120.736264,114.699450,126.773077,True,3.034092,111.077363,9.658901,False,False,
2021-07-11,124.787820,126.412115,123.172467,124.658722,92886000,123.528111,119.851709,113.606924,107.626786,6.607292,6.413052,17.314549,18.882860,Neutral,Neutral,51.500000,50.000000,False,False,120.736264,114.699450,126.773077,True,3.248782,111.077363,9.658901,False,False,
2021-07-18,125.313706,128.440642,124.750588,126.100281,105292000,124.814196,121.101423,114.796768,108.682414,6.628203,6.456082,17.004734,18.541382,Strong Buy,Strong Buy â†‘ âœ“ ðŸ”µBUY,51.500000,50.000000,False,False,120.736264,114.699450,126.773077,True,4.442756,111.077363,9.658901,True,False,
2021-07-25,125.225799,132.485254,122.658999,132.103882,130834000,128.459039,123.301915,116.445064,110.020784,6.956582,6.556182,16.901929,18.243300,Strong Buy,Strong Buy,53.200000,50.000000,False,False,120.736264,114.699450,126.773077,False,9.415248,111.077363,9.658901,False,False,
2021-08-01,132.415225,137.349717,129.212803,133.803650,237704000,131.131344,125.402262,118.098263,111.379805,7.226360,6.690218,16.792733,17.979561,Strong Buy,Strong Buy,53.200000,50.000000,False,False,120.736264,114.699450,126.773077,False,10.823083,111.077363,9.658901,False,False,
2021-08-08,134.191470,135.537666,132.406269,134.808685,100430000,132.970015,127.283547,119.689732,112.718598,7.401884,6.832551,16.650318,17.737880,Strong Buy,Strong Buy,53.600000,50.000000,False,False,120.736264,114.699450,126.773077,False,11.655505,111.077363,9.658901,False,False,
2021-08-15,135.011317,136.912217,134.412435,136.784088,84980000,134.877051,129.183655,121.317766,114.093769,7.563943,6.978830,16.518058,17.516094,Strong Buy,Strong Buy,54.500000,50.000000,False,False,120.736264,114.699450,126.773077,False,13.291636,111.077363,9.658901,False,False,
2021-08-22,136.582949,137.414722,133.330428,136.488129,116334000,135.682590,130.644550,122.762562,115.373446,7.570569,7.097177,16.306197,17.296113,Strong Buy,Strong Buy,54.800000,50.000000,False,False,120.736264,114.699450,126.773077,False,13.046507,111.077363,9.658901,False,False,
2021-08-29,137.024432,143.522609,136.664912,143.017593,112960000,139.350092,133.119158,124.691613,116.953112,7.878459,7.253434,16.292003,17.113547,Strong Buy,Strong Buy,55.000000,50.000000,False,False,120.736264,114.699450,126.773077,False,18.454546,111.077363,9.658901,False,False,
2021-09-05,143.410881,145.252164,141.425081,142.754913,121010000,141.052503,135.046309,126.411927,118.427501,7.992511,7.401249,16.183955,16.944531,Strong Buy,Strong Buy,53.500000,50.000000,True,False,120.736264,114.699450,126.773077,False,18.236981,111.077363,9.658901,False,False,
2021-09-12,142.849262,143.727204,139.773971,139.911026,90622000,140.481764,136.019253,127.697556,119.655131,7.805357,7.482071,15.900595,16.754724,Strong Buy,Strong Buy âœ“ ðŸ”µBUY,53.200000,50.000000,False,False,145.252164,137.989555,152.514772,True,-3.677148,133.631991,11.620173,True,False,
2021-09-19,140.977157,143.461038,139.507784,139.835526,148750000,140.158645,136.782507,128.853553,120.808296,7.557657,7.497188,15.571478,16.539589,Neutral,Neutral,53.100000,50.000000,False,False,145.252164,137.989555,152.514772,True,-3.729127,133.631991,11.620173,False,False,
2021-09-26,137.215126,141.355578,135.388233,141.240860,140842000,140.699752,137.674178,130.033296,121.975871,7.354414,7.468633,15.261035,16.307124,Neutral,Neutral,52.900000,50.000000,False,False,145.252164,137.989555,152.514772,True,-2.761614,133.631991,11.620173,False,False,
2021-10-03,139.840013,140.966248,132.641172,135.607697,171858000,138.153724,137.260882,130.564191,122.754833,6.774595,7.329826,14.703992,16.015646,Neutral,Neutral,52.200000,50.000000,False,False,145.252164,137.989555,152.514772,False,-6.639810,133.631991,11.620173,False,False,
2021-10-10,135.029191,139.369768,130.152335,138.828018,159606000,138.490871,137.574309,131.351223,123.673300,6.432290,7.150318,14.275849,15.699319,Neutral,Neutral,53.200000,50.000000,False,True,145.252164,137.989555,152.514772,True,-4.422754,133.631991,11.620173,False,False,
2021-10-17,138.337895,140.747267,134.830052,140.399658,136108000,139.445265,138.139379,132.212978,124.629092,6.180382,6.956331,13.894367,15.371146,Neutral,Neutral,53.200000,50.000000,False,False,145.252164,137.989555,152.514772,True,-3.340746,133.631991,11.620173,False,False,
2021-10-24,140.110151,142.678451,135.124040,136.624191,140728000,138.034728,137.836341,132.633094,125.314526,5.689435,6.702952,13.352596,15.004137,Neutral,Neutral,51.700000,50.000000,False,False,145.252164,137.989555,152.514772,False,-5.939996,133.631991,11.620173,False,False,
2021-10-31,136.607815,147.631760,134.496371,147.031937,248956000,142.533332,139.675460,134.004412,126.555521,5.844349,6.531231,13.222064,14.680124,Neutral,Neutral,52.900000,50.000000,False,False,145.252164,137.989555,152.514772,True,1.225299,133.631991,11.620173,False,False,
2021-11-07,147.031920,149.297785,142.244429,147.832397,184666000,145.182865,141.306848,135.321363,127.771343,5.934899,6.411965,13.069371,14.387260,Neutral,Neutral,51.800000,50.000000,False,False,145.252164,137.989555,152.514772,True,1.776382,133.631991,11.620173,False,False,
2021-11-14,148.798715,149.583312,143.547435,147.659592,111430000,146.421228,142.577397,136.496433,128.907814,5.919644,6.313501,12.863561,14.110223,Neutral,Neutral,52.700000,50.000000,False,False,145.252164,137.989555,152.514772,True,1.657413,133.631991,11.620173,False,False,
2021-11-21,147.880549,149.932407,146.231419,147.906372,131296000,147.163800,143.643192,137.583094,129.993446,5.847533,6.220307,12.628478,13.840815,Neutral,Neutral,52.600000,50.000000,True,False,145.252164,137.989555,152.514772,True,1.827311,133.631991,11.620173,False,False,
2021-11-28,148.309610,148.803199,140.870893,141.209061,106322000,144.186430,143.156365,137.928424,130.634338,5.343531,6.044952,12.121202,13.528158,Neutral,Neutral,51.500000,50.000000,False,False,149.932407,142.435786,157.429027,False,-5.818186,137.937814,11.994593,False,False,
2021-12-05,143.013612,145.295375,139.254046,141.028809,179108000,142.607620,142.730854,138.223698,131.228308,4.877823,5.811526,11.616849,13.180647,Neutral Sell,Neutral Sell â†“,51.500000,50.000000,False,False,149.932407,142.435786,157.429027,False,-5.938408,137.937814,11.994593,False,False,
2021-12-12,142.060690,148.078688,139.189987,146.987686,134856000,144.797653,143.582220,139.058364,132.128844,4.792463,5.607714,11.347976,12.847434,Neutral Buy,Neutral Buy â†‘,51.800000,50.000000,False,False,149.932407,142.435786,157.429027,True,-1.964032,137.937814,11.994593,False,False,
2021-12-19,146.769201,146.956417,140.247703,140.754211,185952000,142.775932,143.016619,139.219873,132.621722,4.319034,5.349978,10.833801,12.481319,Neutral Sell,Neutral Sell â†“ ðŸ”´EXIT,50.200000,50.000000,False,False,149.932407,142.435786,157.429027,False,-6.121555,137.937814,11.994593,False,True,Downtrend Starting (Neutral Sell)
2021-12-26,139.041037,147.228062,138.366687,145.910156,108654000,144.343044,143.595326,139.857043,133.381061,4.188365,5.117655,10.530932,12.126704,Neutral Buy,Neutral Buy â†‘,50.400000,50.000000,False,False,149.932407,142.435786,157.429027,True,-2.682709,137.937814,11.994593,False,False,
2022-01-02,146.247330,147.327875,143.859787,143.859787,85788000,144.101416,143.648218,140.238257,133.979845,3.922045,4.878533,10.142062,11.765860,Neutral,Neutral,49.900000,50.000000,False,False,149.932407,142.435786,157.429027,True,-4.050238,137.937814,11.994593,False,False,
2022-01-09,144.061378,145.481595,134.836523,136.078461,178772000,140.089938,142.134267,139.842086,134.099766,3.232217,4.549270,9.469923,11.348416,Neutral Sell,Neutral Sell â†“ ðŸ”´EXIT,48.800000,50.000000,False,False,149.932407,142.435786,157.429027,False,-9.240128,137.937814,11.994593,False,True,Stop Loss Hit ($137.94)
2022-01-16,134.152729,141.871510,132.252339,138.525070,160344000,139.307504,141.412427,139.716656,134.352641,2.792776,4.197971,8.940605,10.910633,Neutral,Neutral,49.500000,50.000000,False,False,149.932407,142.435786,157.429027,False,-7.608320,137.937814,11.994593,False,False,
2022-01-23,135.242226,137.014507,129.195434,129.458618,149080000,134.383061,139.021666,138.739700,134.072982,1.900659,3.738509,8.094704,10.398646,Neutral,Neutral ðŸ”´EXIT,48.700000,50.000000,False,False,149.932407,142.435786,157.429027,False,-13.655346,137.937814,11.994593,False,True,Stop Loss Hit ($137.94)
2022-01-30,125.115073,132.443032,123.647200,132.437561,239024000,133.410311,137.704845,138.139496,133.979530,1.347234,3.260254,7.450805,9.862675,Neutral,Neutral ðŸ”´EXIT,43.400000,87.301587,False,True,149.932407,142.435786,157.429027,False,-11.668489,137.937814,11.994593,False,True,Stop Loss Hit ($137.94)
2022-02-06,133.243018,150.508422,131.303893,142.311447,361346000,137.860879,138.626165,138.536825,134.455639,1.466562,2.901516,7.255644,9.388669,Neutral,Neutral,57.700000,87.500000,True,False,149.932407,142.435786,157.429027,False,-5.082930,137.937814,11.994593,False,False,
2022-02-13,143.261909,143.261909,132.486239,133.362701,228690000,135.611790,137.573472,138.044051,134.393186,1.027792,2.526771,6.717783,8.903053,Neutral,Neutral ðŸ”´EXIT,54.900000,76.923077,False,False,150.508422,142.983001,158.033843,False,-11.391868,138.467748,12.040674,False,True,Stop Loss Hit ($138.47)
2022-02-20,132.343701,137.162470,129.304668,129.509750,170574000,132.560770,135.960728,137.231261,134.114132,0.447075,2.110832,6.069778,8.387912,Neutral,Neutral ðŸ”´EXIT,52.700000,63.636364,False,False,150.508422,142.983001,158.033843,False,-13.951825,138.467748,12.040674,False,True,Stop Loss Hit ($138.47)
2022-02-27,128.948624,134.344917,124.097594,133.538483,168638000,133.049626,135.476279,136.879567,134.081238,0.220021,1.732670,5.648534,7.889844,Neutral,Neutral ðŸ”´EXIT,55.800000,73.134328,False,False,150.508422,142.983001,158.033843,False,-11.275076,138.467748,12.040674,False,True,Stop Loss Hit ($138.47)
2022-03-06,132.138626,135.504910,129.444707,131.002960,143914000,132.026293,134.581615,136.319891,133.905336,-0.109868,1.364162,5.158235,7.393188,Sell,Sell â†“ ðŸ”´EXIT,56.100000,69.117647,False,False,150.508422,142.983001,158.033843,False,-12.959714,138.467748,12.040674,False,True,Stop Loss Hit ($138.47)
2022-03-13,130.587330,132.879045,124.813666,128.980927,181194000,130.503610,133.461477,135.620942,133.623942,-0.488225,0.993685,4.630316,6.890847,Strong Sell,Strong Sell ðŸ”´EXIT,56.800000,69.565217,False,False,150.508422,142.983001,158.033843,False,-14.303183,138.467748,12.040674,False,True,Stop Loss Hit ($138.47)
2022-03-20,129.357813,135.310742,124.416892,135.193054,178138000,132.848332,133.807793,135.580190,133.713605,-0.412180,0.712512,4.409543,6.439701,Sell,Sell ðŸ”´EXIT,57.500000,82.857143,False,False,150.508422,142.983001,158.033843,False,-10.175755,138.467748,12.040674,False,True,Stop Loss Hit ($138.47)
2022-03-27,135.230792,141.062080,133.173979,140.702560,138004000,136.775446,135.186746,136.068035,134.112974,-0.022708,0.565468,4.413187,6.071244,Neutral Buy,Neutral Buy â†‘,56.600000,91.549296,False,False,150.508422,142.983001,158.033843,False,-6.515158,138.467748,12.040674,False,False,
2022-04-03,139.935351,142.808545,137.360098,139.190475,152718000,137.982961,135.987492,136.365410,134.403117,0.192376,0.490849,4.336089,5.755761,Neutral,Neutral,57.600000,86.111111,True,False,150.508422,142.983001,158.033843,False,-7.519809,138.467748,12.040674,False,False,
2022-04-10,139.397064,142.727594,132.054696,132.374496,131204000,135.178729,135.264893,135.985323,134.287196,-0.041642,0.384351,3.988173,5.434381,Neutral Sell,Neutral Sell â†“,52.300000,78.082192,False,False,142.808545,135.668118,149.948972,False,-7.306319,131.383861,11.424684,False,False,
2022-04-17,130.920521,131.187675,125.733809,125.861931,129120000,130.520330,133.384301,135.021191,133.805752,-0.611189,0.185243,3.409471,5.066216,Strong Sell,Strong Sell ðŸ”´EXIT,52.500000,66.216216,False,False,142.808545,135.668118,149.948972,False,-11.866667,131.383861,11.424684,False,True,Stop Loss Hit ($131.38)
2022-04-24,126.130069,130.498941,118.110389,118.816017,172324000,124.668173,130.470644,133.477841,132.949196,-1.480059,-0.147817,2.600735,4.617947,Strong Sell,Strong Sell ðŸ”´EXIT,48.800000,53.333333,False,False,142.808545,135.668118,149.948972,False,-16.800485,131.383861,11.424684,False,True,Stop Loss Hit ($131.38)
2022-05-01,118.285172,122.433062,111.964270,113.327873,302562000,118.998023,127.042090,131.558796,131.827977,-2.495302,-0.617314,1.651519,4.078596,Strong Sell,Strong Sell ðŸ”´EXIT,48.800000,43.421053,False,False,142.808545,135.668118,149.948972,False,-20.643493,131.383861,11.424684,False,True,Stop Loss Hit ($131.38)
2022-05-08,112.628191,122.012963,111.828705,114.953644,195968000,116.975834,124.624401,129.977353,130.863730,-3.181648,-1.130181,0.907581,3.502048,Strong Sell,Strong Sell ðŸ”´EXIT,47.900000,40.259740,False,False,142.808545,135.668118,149.948972,False,-19.505066,131.383861,11.424684,False,True,Stop Loss Hit ($131.38)
2022-05-15,112.474255,117.067588,109.072227,115.255585,207110000,116.115709,122.750637,128.575280,129.971836,-3.678236,-1.639792,0.280984,2.916400,Strong Sell,Strong Sell ðŸ”´EXIT,50.900000,48.717949,False,False,142.808545,135.668118,149.948972,False,-19.293636,131.383861,11.424684,False,True,Stop Loss Hit ($131.38)
2022-05-22,114.168065,116.099248,105.071812,108.161995,167276000,112.138852,119.832909,126.631158,128.725559,-4.494642,-2.210762,-0.581572,2.280405,Strong Sell,Strong Sell ðŸ”´EXIT,49.100000,43.037975,False,False,142.808545,135.668118,149.948972,False,-24.260838,131.383861,11.424684,False,True,Stop Loss Hit ($131.38)
2022-05-29,108.836840,111.548635,101.186615,111.547142,230084000,111.842997,118.175756,125.194585,127.743935,-4.883225,-2.745255,-1.149954,1.656703,Strong Sell,Strong Sell ðŸ”´EXIT,48.000000,52.500000,False,True,142.808545,135.668118,149.948972,False,-21.890429,131.383861,11.424684,False,True,Stop Loss Hit ($131.38)
2022-06-05,111.974195,117.091914,111.310772,113.756409,150746000,112.799703,117.291886,124.105235,126.944648,-4.997426,-3.195689,-1.524758,1.078256,Strong Sell,Strong Sell ðŸ”´EXIT,50.600000,51.851852,False,False,142.808545,135.668118,149.948972,False,-20.343416,131.383861,11.424684,False,True,Stop Loss Hit ($131.38)
2022-06-12,115.905091,118.529493,109.610002,110.400055,158490000,111.599879,115.913520,122.799979,125.999243,-5.261021,-3.608755,-1.993070,0.519833,Strong Sell,Strong Sell ðŸ”´EXIT,50.300000,48.780488,False,False,142.808545,135.668118,149.948972,False,-22.693663,131.383861,11.424684,False,True,Stop Loss Hit ($131.38)
2022-06-19,106.055025,110.660267,104.326448,106.409584,223716000,109.004731,114.012733,121.238989,124.879834,-5.688625,-4.024729,-2.573942,-0.042672,Strong Sell,Strong Sell ðŸ”´EXIT,51.800000,40.963855,False,False,142.808545,135.668118,149.948972,False,-25.487943,131.383861,11.424684,False,True,Stop Loss Hit ($131.38)
2022-06-26,108.183337,117.270177,107.856096,117.166885,147716000,113.085808,114.643563,120.851170,124.439094,-5.237779,-4.267339,-2.521791,-0.493421,Strong Sell,Strong Sell ðŸ”´EXIT,51.900000,50.000000,False,False,142.808545,135.668118,149.948972,False,-17.955270,131.383861,11.424684,False,True,Stop Loss Hit ($131.38)
2022-07-03,117.462843,117.767239,105.999412,107.992668,175574000,110.539238,113.313384,119.626551,123.499298,-5.452397,-4.504351,-2.878174,-0.927012,Strong Sell,Strong Sell ðŸ”´EXIT,48.200000,42.352941,False,False,142.808545,135.668118,149.948972,False,-24.379407,131.383861,11.424684,False,True,Stop Loss Hit ($131.38)
2022-07-10,106.366881,118.865176,105.007255,118.535950,155948000,114.537594,114.357897,119.522684,123.215678,-4.840617,-4.571604,-2.650915,-1.240449,Neutral Buy,Neutral Buy â†‘ ðŸ”´EXIT,51.500000,52.325581,False,False,142.808545,135.668118,149.948972,False,-16.996599,131.383861,11.424684,False,True,Stop Loss Hit ($131.38)
2022-07-17,117.189741,117.189741,107.630659,111.011833,188652000,112.774714,113.688685,118.712127,122.518316,-4.822189,-4.621721,-2.778545,-1.520103,Neutral Sell,Neutral Sell â†“ ðŸ”´EXIT,49.800000,49.425287,False,False,142.808545,135.668118,149.948972,False,-22.265273,131.383861,11.424684,False,True,Stop Loss Hit ($131.38)
2022-07-24,111.868430,114.609522,105.770485,107.160896,196873300,109.967805,112.383127,117.612010,121.640749,-5.024497,-4.702276,-3.056446,-1.799438,Neutral,Neutral ðŸ”´EXIT,46.700000,38.636364,False,False,142.808545,135.668118,149.948972,False,-24.961846,131.383861,11.424684,False,True,Stop Loss Hit ($131.38)
2022-07-31,107.667419,115.910552,103.357139,115.523224,212580400,112.745514,113.011146,117.413078,121.291176,-4.549117,-4.671644,-2.864854,-1.993150,Neutral,Neutral ðŸ”´EXIT,48.100000,53.932584,False,True,142.808545,135.668118,149.948972,False,-19.106224,131.383861,11.424684,False,True,Stop Loss Hit ($131.38)
2022-08-07,114.510215,117.966372,112.941032,116.665352,115531700,114.705433,113.741987,117.341866,121.026843,-4.045209,-4.546357,-2.633672,-2.109608,Neutral Buy,Neutral Buy â†‘ ðŸ”´EXIT,49.900000,60.000000,False,False,142.808545,135.668118,149.948972,False,-18.306463,131.383861,11.424684,False,True,Stop Loss Hit ($131.38)
2022-08-14,117.579043,120.846512,114.917404,120.846512,112545200,117.775972,115.162892,117.675641,121.016538,-3.315216,-4.300129,-2.232569,-2.131965,Neutral,Neutral ðŸ”´EXIT,49.000000,64.835165,False,False,142.808545,135.668118,149.948972,False,-15.378655,131.383861,11.424684,False,True,Stop Loss Hit ($131.38)
2022-08-21,120.300270,121.591374,115.960213,116.407127,101180200,117.091550,115.411739,117.554831,120.753144,-3.010764,-4.042256,-2.072383,-2.121132,Neutral,Neutral ðŸ”´EXIT,47.200000,60.869565,True,False,142.808545,135.668118,149.948972,False,-18.487281,131.383861,11.424684,False,True,Stop Loss Hit ($131.38)
2022-08-28,114.410889,115.920488,109.435224,109.584190,109264100,113.337870,114.246230,116.795722,120.114918,-3.208918,-3.875588,-2.234661,-2.141773,Neutral Sell,Neutral Sell â†“ ðŸ”´EXIT,46.000000,50.537634,False,False,121.591374,115.511805,127.670943,False,-9.875029,111.864064,9.727310,False,True,Stop Loss Hit ($111.86)
2022-09-04,109.236582,110.190005,106.525282,107.111237,129853100,110.224553,112.819231,115.873390,119.371850,-3.504855,-3.801442,-2.480903,-2.203433,Neutral,Neutral ðŸ”´EXIT,47.500000,46.808511,False,False,121.591374,115.511805,127.670943,False,-11.908853,111.864064,9.727310,False,True,Stop Loss Hit ($111.86)
2022-09-11,106.565018,110.229734,105.055426,109.892067,95671300,110.058310,112.233798,115.303740,118.830148,-3.507285,-3.742610,-2.540825,-2.264777,Neutral,Neutral ðŸ”´EXIT,47.400000,50.526316,False,False,121.591374,115.511805,127.670943,False,-9.621823,111.864064,9.727310,False,True,Stop Loss Hit ($111.86)
2022-09-18,110.229739,110.855428,100.248581,102.095840,164520300,106.077075,110.206207,114.045845,117.873902,-4.025193,-3.799127,-2.953951,-2.390082,Strong Sell,Strong Sell â†“ ðŸ”´EXIT,46.800000,41.666667,False,False,121.591374,115.511805,127.670943,False,-16.033649,111.864064,9.727310,False,True,Stop Loss Hit ($111.86)
2022-09-25,101.053025,102.622204,96.802340,98.063637,146965200,102.070356,107.777693,112.523730,116.741887,-4.689830,-3.977268,-3.500302,-2.591940,Strong Sell,Strong Sell ðŸ”´EXIT,47.700000,35.051546,False,False,121.591374,115.511805,127.670943,False,-19.349841,111.864064,9.727310,False,True,Stop Loss Hit ($111.86)
2022-10-02,97.428016,100.010219,94.905432,94.994820,153600500,98.532588,105.221118,110.854310,115.499197,-5.402771,-4.262368,-4.114214,-2.868717,Strong Sell,Strong Sell ðŸ”´EXIT,47.200000,28.571429,False,False,121.591374,115.511805,127.670943,False,-21.873718,111.864064,9.727310,False,True,Stop Loss Hit ($111.86)
2022-10-09,96.097213,102.224947,95.858851,98.004051,128836500,98.268320,103.777705,109.630476,114.499475,-5.696993,-4.549293,-4.449425,-3.156118,Strong Sell,Strong Sell ðŸ”´EXIT,46.300000,27.272727,False,False,121.591374,115.511805,127.670943,False,-19.398846,111.864064,9.727310,False,True,Stop Loss Hit ($111.86)
2022-10-16,98.321865,100.000290,93.733504,95.898575,126593800,97.083447,102.201879,108.322676,113.436566,-6.034467,-4.846328,-4.825989,-3.459731,Strong Sell,Strong Sell ðŸ”´EXIT,48.300000,27.000000,False,False,121.591374,115.511805,127.670943,False,-21.130446,111.864064,9.727310,False,True,Stop Loss Hit ($111.86)
2022-10-23,98.182820,102.761253,97.050633,100.437271,134072900,98.760359,101.848957,107.571685,112.693749,-5.896338,-5.056330,-4.871815,-3.716474,Strong Sell,Strong Sell ðŸ”´EXIT,47.500000,27.722772,False,False,121.591374,115.511805,127.670943,False,-17.397700,111.864064,9.727310,False,True,Stop Loss Hit ($111.86)
2022-10-30,101.102687,104.101995,91.171181,95.630424,260310100,97.195392,100.605251,106.434422,111.718702,-6.095405,-5.264145,-5.138419,-3.975009,Strong Sell,Strong Sell ðŸ”´EXIT,42.900000,24.509804,True,False,121.591374,115.511805,127.670943,False,-21.350980,111.864064,9.727310,False,True,Stop Loss Hit ($111.86)
2022-11-06,94.766388,95.372217,82.769133,85.986938,248287600,91.591165,97.681588,104.487043,110.248316,-6.951006,-5.601517,-5.872596,-4.320025,Strong Sell,Strong Sell ðŸ”´EXIT,40.700000,22.330097,False,True,104.101995,98.896896,109.307095,False,-17.401258,95.773836,8.328160,False,True,Stop Loss Hit ($95.77)
2022-11-13,86.682147,96.266046,86.255092,95.749611,180987600,93.670388,97.295193,103.654906,109.419818,-6.794637,-5.840141,-5.868153,-4.601503,Strong Sell,Strong Sell ðŸ”´EXIT,43.100000,26.923077,False,False,104.101995,98.896896,109.307095,False,-8.023270,95.773836,8.328160,False,True,Stop Loss Hit ($95.77)
2022-11-20,94.438642,99.454046,93.862621,96.762619,155320400,95.216504,97.188678,102.998498,108.696550,-6.518926,-5.975898,-5.777330,-4.815290,Strong Sell,Strong Sell,41.300000,27.619048,False,False,104.101995,98.896896,109.307095,False,-7.050178,95.773836,8.328160,False,False,
2022-11-27,96.623578,98.083509,93.405773,96.792412,73655400,96.004458,97.109425,102.407442,108.016313,-6.229260,-6.026571,-5.667525,-4.970242,Neutral,Neutral,42.600000,30.188679,False,False,104.101995,98.896896,109.307095,False,-7.021560,95.773836,8.328160,False,False,
2022-12-04,96.375291,101.549604,93.465367,99.752007,140114500,97.878232,97.637941,102.154543,107.544067,-5.695782,-5.960413,-5.381929,-5.045094,Neutral Buy,Neutral Buy â†‘,41.400000,35.514019,False,False,104.101995,98.896896,109.307095,True,-4.178584,95.773836,8.328160,False,False,
2022-12-11,98.719130,100.685563,92.114684,92.194138,140799900,95.036185,96.549180,101.205933,106.666928,-5.821953,-5.932721,-5.510293,-5.129675,Neutral Sell,Neutral Sell â†“ ðŸ”´EXIT,41.500000,25.925926,False,False,104.101995,98.896896,109.307095,False,-11.438645,95.773836,8.328160,False,True,Stop Loss Hit ($95.77)
2022-12-18,92.074956,98.848240,88.906795,89.641731,196866100,92.338958,95.167691,100.104581,105.694060,-6.072111,-5.960599,-5.737307,-5.240154,Neutral,Neutral ðŸ”´EXIT,43.500000,21.100917,False,False,104.101995,98.896896,109.307095,False,-13.890477,95.773836,8.328160,False,True,Stop Loss Hit ($95.77)
2022-12-25,89.641731,89.939671,85.728721,88.618790,128353700,90.478874,93.857910,99.010696,104.718330,-6.295909,-6.027661,-5.961312,-5.371274,Strong Sell,Strong Sell â†“ ðŸ”´EXIT,42.100000,22.727273,False,False,104.101995,98.896896,109.307095,False,-14.873111,95.773836,8.328160,False,True,Stop Loss Hit ($95.77)
2023-01-01,88.191735,88.330775,85.351325,87.625641,86940300,89.052257,92.611456,97.926405,103.741605,-6.495028,-6.121134,-6.180479,-5.518402,Strong Sell,Strong Sell ðŸ”´EXIT,42.400000,24.324324,False,False,104.101995,98.896896,109.307095,False,-15.827127,95.773836,8.328160,False,True,Stop Loss Hit ($95.77)
2023-01-08,88.976319,90.426324,84.278722,86.741730,131561900,87.896994,91.437511,96.861198,102.770184,-6.664218,-6.229751,-6.388427,-5.676588,Strong Sell,Strong Sell ðŸ”´EXIT,41.400000,23.214286,False,True,104.101995,98.896896,109.307095,False,-16.676208,95.773836,8.328160,False,True,Stop Loss Hit ($95.77)
2023-01-15,87.754743,91.558511,85.242083,91.488991,142921000,89.692992,91.447807,96.349559,102.125544,-6.326181,-6.249037,-6.242747,-5.779526,Strong Sell,Strong Sell ðŸ”´EXIT,41.200000,32.743363,False,False,104.101995,98.896896,109.307095,False,-12.116007,95.773836,8.328160,False,True,Stop Loss Hit ($95.77)
2023-01-22,91.429395,97.626668,89.433169,97.348579,161910600,93.520786,92.627962,96.444704,101.852575,-5.492150,-6.097660,-5.746361,-5.773496,Neutral Buy,Neutral Buy â†‘,43.400000,40.350877,False,False,104.101995,98.896896,109.307095,False,-6.487307,95.773836,8.328160,False,False,
2023-01-29,97.279053,99.632821,93.117758,98.689331,179407400,96.105058,93.840235,96.658478,101.671818,-4.662472,-5.810622,-5.218926,-5.672665,Neutral,Neutral,44.100000,47.826087,False,False,104.101995,98.896896,109.307095,False,-5.199386,95.773836,8.328160,False,False,
2023-02-05,96.812280,107.111246,95.739676,104.062271,227821100,100.083665,95.884643,97.363601,101.808415,-3.511460,-5.350790,-4.452562,-5.450828,Neutral,Neutral,43.300000,56.896552,False,False,104.101995,98.896896,109.307095,True,-0.038159,95.773836,8.328160,False,False,
2023-02-12,101.698577,107.438981,92.988655,93.922211,350189000,97.002938,95.492156,97.035850,101.357775,-3.412463,-4.963124,-4.289715,-5.239717,Neutral,Neutral ðŸ”´EXIT,41.200000,36.752137,True,False,104.101995,98.896896,109.307095,False,-9.778664,95.773836,8.328160,False,True,Stop Loss Hit ($95.77)
2023-02-19,94.091044,97.010908,91.628034,93.703720,231717900,95.353329,95.134469,96.718504,100.920400,-3.315458,-4.633591,-4.140174,-5.039800,Neutral,Neutral ðŸ”´EXIT,42.000000,33.898305,False,False,107.438981,102.067032,112.810930,False,-12.784244,98.843863,8.595119,False,True,Stop Loss Hit ($98.84)
2023-02-26,92.362966,92.462279,87.973242,88.519470,142304800,91.936400,93.811469,95.937644,100.211776,-3.638550,-4.434583,-4.283216,-4.902239,Neutral Sell,Neutral Sell â†“ ðŸ”´EXIT,41.400000,25.210084,False,True,107.438981,102.067032,112.810930,False,-17.609541,98.843863,8.595119,False,True,Stop Loss Hit ($98.84)
2023-03-05,89.254402,93.087968,88.708179,93.008514,156120000,92.472457,93.650878,95.658679,99.800161,-3.476662,-4.242999,-4.114462,-4.759007,Neutral,Neutral ðŸ”´EXIT,42.200000,36.666667,False,False,107.438981,102.067032,112.810930,False,-13.431314,98.843863,8.595119,False,True,Stop Loss Hit ($98.84)
2023-03-12,93.375981,95.312628,89.780773,90.009193,159332600,91.240825,92.922541,95.120633,99.240677,-3.565658,-4.107531,-4.119116,-4.642663,Neutral,Neutral ðŸ”´EXIT,44.000000,25.619835,False,False,107.438981,102.067032,112.810930,False,-16.222965,98.843863,8.595119,False,True,Stop Loss Hit ($98.84)
2023-03-19,89.472899,102.135564,88.807490,100.923927,250528400,96.082376,94.522818,95.673327,99.336863,-2.671882,-3.820401,-3.459699,-4.427579,Neutral Buy,Neutral Buy â†‘,46.900000,40.983607,False,False,107.438981,102.067032,112.810930,False,-6.063957,98.843863,8.595119,False,False,
2023-03-26,99.434201,105.859879,99.185913,104.717751,189689200,100.400063,96.561805,96.534701,99.644342,-1.628918,-3.382104,-2.679030,-4.109661,Neutral,Neutral,48.700000,47.967480,False,False,107.438981,102.067032,112.810930,True,-2.532815,98.843863,8.595119,False,False,
2023-04-02,103.903364,104.042404,99.056802,103.019478,161908000,101.709771,97.853339,97.152299,99.837207,-0.940121,-2.893708,-2.083582,-3.741283,Neutral,Neutral,49.100000,58.064516,False,False,107.438981,102.067032,112.810930,True,-4.113501,98.843863,8.595119,False,False,
2023-04-09,101.688642,108.422200,101.231794,107.677338,126457500,104.693554,99.818139,98.154683,100.285214,-0.015974,-2.318161,-1.324526,-3.301872,Neutral,Neutral,49.400000,65.600000,False,False,107.438981,102.067032,112.810930,True,0.221853,98.843863,8.595119,False,False,
2023-04-16,106.247209,108.193773,103.625285,108.124252,129171100,106.408903,101.479362,99.104166,100.733159,0.733916,-1.707746,-0.646945,-2.819158,Buy,Buy â†‘ âœ“ ðŸ”µBUY,45.200000,71.428571,False,False,107.438981,102.067032,112.810930,True,0.637823,98.843863,8.595119,True,False,
2023-04-23,103.943109,105.810222,102.363988,104.687965,138694200,105.548434,102.121082,99.635957,100.959148,1.033476,-1.159501,-0.232685,-2.348891,Buy,Buy âœ“,47.600000,75.590551,False,False,107.438981,102.067032,112.810930,True,-2.560538,98.843863,8.595119,False,False,
2023-04-30,104.767418,107.627683,101.926999,106.604729,209783500,106.076582,103.017812,100.299649,101.281753,1.404694,-0.646662,0.219406,-1.881928,Strong Buy,Strong Buy âœ“ ðŸ”µBUY,47.200000,85.937500,False,False,107.438981,102.067032,112.810930,True,-0.776490,98.843863,8.595119,True,False,
2023-05-07,106.108156,107.250280,102.999592,104.846863,129533100,105.461722,103.383622,100.732717,101.485474,1.538767,-0.209576,0.517308,-1.445703,Strong Buy,Strong Buy âœ“,47.900000,82.945736,False,False,107.438981,102.067032,112.810930,True,-2.412643,98.843863,8.595119,False,False,
2023-05-14,104.459529,117.221513,104.439669,116.705078,246027200,111.083400,106.047913,102.253894,102.355165,2.539320,0.340203,1.367543,-0.934204,Strong Buy,Strong Buy,55.800000,94.615385,False,False,107.438981,102.067032,112.810930,False,8.624520,98.843863,8.595119,False,False,
2023-05-21,115.314668,125.107132,115.215354,121.919121,191213600,116.501260,109.222155,104.126773,103.473106,3.663188,1.004800,2.323217,-0.341945,Strong Buy,Strong Buy,58.600000,96.946565,False,False,107.438981,102.067032,112.810930,False,13.477547,98.843863,8.595119,False,False,
2023-05-28,122.097881,125.563973,119.038977,123.756439,181434800,120.128850,112.129012,105.996265,104.632153,4.605046,1.724849,3.207281,0.303368,Strong Buy,Strong Buy,61.800000,99.242424,False,False,107.438981,102.067032,112.810930,False,15.187651,98.843863,8.595119,False,False,
2023-06-04,124.779383,125.285890,121.164317,123.816025,130155300,121.972437,114.466414,107.693385,105.728374,5.265929,2.433065,3.948289,0.966081,Strong Buy,Strong Buy,61.100000,100.000000,False,False,107.438981,102.067032,112.810930,False,15.243111,98.843863,8.595119,False,False,
2023-06-11,123.160558,128.156092,120.409523,121.392746,164650300,121.682592,115.851681,108.998086,106.623481,5.531204,3.052693,4.457035,1.600800,Strong Buy,Strong Buy,56.100000,94.776119,True,False,107.438981,102.067032,112.810930,False,12.987618,98.843863,8.595119,False,False,
2023-06-18,121.948907,125.246167,120.618081,122.683838,161958900,122.183215,117.218112,110.301491,107.541216,5.754249,3.593004,4.924448,2.205100,Strong Buy,Strong Buy âœ“ ðŸ”µBUY,55.600000,93.333333,False,False,128.156092,121.748287,134.563896,True,-4.269991,117.903604,10.252487,True,False,
2023-06-25,122.087949,123.716714,118.016027,121.501984,118269600,121.842599,118.074886,111.368205,108.338974,5.770690,4.028541,5.246826,2.758141,Strong Buy,Strong Buy,53.100000,95.588235,False,False,128.156092,121.748287,134.563896,False,-5.192190,117.903604,10.252487,False,False,
2023-07-02,119.932818,121.164322,115.304742,118.880074,154220300,120.361336,118.235924,112.083621,108.941323,5.531231,4.329079,5.380360,3.234908,Strong Buy,Strong Buy,51.100000,96.350365,False,False,128.156092,121.748287,134.563896,False,-7.238063,117.903604,10.252487,False,False,
2023-07-09,118.423222,121.770141,117.588984,118.661583,88507400,119.511460,118.321056,112.710093,109.496766,5.263320,4.515927,5.456274,3.638793,Neutral,Neutral,51.500000,92.753623,False,False,128.156092,121.748287,134.563896,False,-7.408551,117.903604,10.252487,False,False,
2023-07-16,117.489662,125.911575,114.559861,124.560890,166379400,122.036175,119.569023,113.838741,110.357573,5.393085,4.691359,5.755316,4.023615,Neutral,Neutral,53.400000,100.000000,False,True,128.156092,121.748287,134.563896,True,-2.805330,117.903604,10.252487,False,False,
2023-07-23,125.077338,126.229388,117.410224,119.197876,199978500,120.617025,119.494793,114.349134,110.862733,5.063608,4.765809,5.752590,4.337974,Neutral,Neutral,50.500000,93.571429,False,False,128.156092,121.748287,134.563896,False,-6.990082,117.903604,10.252487,False,False,
2023-07-30,120.826647,132.823887,120.151305,131.671829,225421100,126.144427,121.930200,115.998915,112.051825,5.582711,4.929189,6.273522,4.689892,Strong Buy,Strong Buy â†‘ âœ“ ðŸ”µBUY,54.800000,100.000000,False,False,128.156092,121.748287,134.563896,True,2.743324,117.903604,10.252487,True,False,
2023-08-06,131.820824,132.615347,126.547194,127.232468,123732300,126.688447,122.990654,117.068777,112.919290,5.615393,5.066430,6.507077,5.020289,Strong Buy,Strong Buy âœ“,57.600000,97.183099,False,False,128.156092,121.748287,134.563896,True,-0.720702,117.903604,10.252487,False,False,
2023-08-13,128.275267,131.145486,127.292053,128.672531,111643300,127.680489,124.127029,118.173897,113.819475,5.664264,5.185997,6.732104,5.331528,Strong Buy,Strong Buy âœ“,55.300000,95.104895,False,False,128.156092,121.748287,134.563896,True,0.402977,117.903604,10.252487,False,False,
2023-08-20,128.503691,131.085903,125.514310,126.586914,133633500,127.133702,124.619006,118.975136,114.549043,5.495592,5.247916,6.803010,5.599071,Neutral,Neutral,54.400000,87.500000,False,False,128.156092,121.748287,134.563896,True,-1.224427,117.903604,10.252487,False,False,
2023-08-27,126.308826,133.330404,125.693070,128.990341,130386900,128.062021,125.493273,119.928965,115.374260,5.452705,5.288873,6.928061,5.840705,Neutral,Neutral,55.200000,86.896552,False,False,128.156092,121.748287,134.563896,True,0.650964,117.903604,10.252487,False,False,
2023-09-03,130.410558,137.054726,129.248574,134.730743,143532200,131.396382,127.340767,121.338658,116.480345,5.718148,5.374728,7.233724,6.093981,Strong Buy,Strong Buy â†‘,57.500000,93.150685,False,False,128.156092,121.748287,134.563896,False,5.130190,117.903604,10.252487,False,False,
2023-09-10,134.512270,135.723897,132.039291,135.445816,80490200,133.421099,128.961777,122.682197,117.564086,5.893638,5.478510,7.484720,6.346843,Strong Buy,Strong Buy,54.600000,96.598639,False,False,128.156092,121.748287,134.563896,False,5.688161,117.903604,10.252487,False,False,
2023-09-17,135.604715,137.749918,133.231098,136.458817,123589000,134.939958,130.461185,123.994256,118.643785,6.016329,5.586074,7.699165,6.592720,Strong Buy,Strong Buy,58.400000,99.324324,False,False,128.156092,121.748287,134.563896,False,6.478603,117.903604,10.252487,False,False,
2023-09-24,135.674259,138.206795,128.712262,129.357803,130043700,132.148881,130.240509,124.505070,119.256015,5.595391,5.587938,7.566339,6.769741,Neutral,Neutral,53.500000,91.946309,False,False,128.156092,121.748287,134.563896,True,0.937694,117.903604,10.252487,False,False,
2023-10-01,128.940683,133.131774,126.348572,129.963623,121932700,131.056252,130.185132,125.024932,119.867878,5.238885,5.518127,7.437586,6.891168,Neutral,Neutral,56.300000,92.000000,False,False,128.156092,121.748287,134.563896,True,1.410414,117.903604,10.252487,False,False,
2023-10-08,130.311260,137.213633,130.271526,136.637604,119459900,133.846928,131.475626,126.130901,120.826148,5.310551,5.476612,7.559921,7.012759,Neutral,Neutral,58.800000,98.675497,False,False,128.156092,121.748287,134.563896,False,6.618111,117.903604,10.252487,False,False,
2023-10-15,136.002005,140.252670,134.681113,136.419113,121135000,135.133020,132.464323,127.110731,121.717175,5.286048,5.438499,7.615997,7.122439,Neutral,Neutral,56.400000,95.394737,True,False,128.156092,121.748287,134.563896,False,6.447623,117.903604,10.252487,False,False,
2023-10-22,137.223549,139.756073,134.154731,134.671173,127794400,134.902097,132.905693,127.830773,122.457403,5.095607,5.369921,7.555823,7.201236,Neutral,Neutral,57.600000,84.967320,False,False,140.252670,133.240036,147.265303,True,-3.979601,129.032456,11.220214,False,False,
2023-10-29,134.114966,138.405428,119.386587,121.333160,257126000,128.117629,130.591187,127.211953,122.393161,4.073038,5.110544,6.940398,7.153811,Neutral Sell,Neutral Sell â†“ ðŸ”´EXIT,51.100000,74.025974,False,True,140.252670,133.240036,147.265303,False,-13.489589,129.032456,11.220214,False,True,Stop Loss Hit ($129.03)
2023-11-05,122.366030,128.642746,121.849586,128.215698,138832500,128.166663,130.116089,127.307548,122.725877,3.648604,4.818156,6.677926,7.067286,Neutral,Neutral ðŸ”´EXIT,51.700000,78.064516,False,False,140.252670,133.240036,147.265303,False,-8.582347,129.032456,11.220214,False,True,Stop Loss Hit ($129.03)
2023-11-12,128.166026,131.890361,127.788624,131.681793,125896900,129.924228,130.429230,127.724142,123.237644,3.488139,4.552153,6.561345,6.975297,Neutral,Neutral,52.000000,89.102564,False,False,140.252670,133.240036,147.265303,False,-6.111025,129.032456,11.220214,False,False,
2023-11-19,130.877322,136.280057,130.350953,134.383133,139835300,132.153681,131.220010,128.358332,123.874529,3.487181,4.339158,6.535552,6.895343,Neutral Buy,Neutral Buy â†‘,54.800000,92.993631,False,False,140.252670,133.240036,147.265303,True,-4.184973,129.032456,11.220214,False,False,
2023-11-26,132.774234,138.464989,132.704707,135.753693,80779000,133.953687,132.126747,129.062652,124.553338,3.527687,4.176864,6.532894,6.829443,Neutral,Neutral,53.300000,93.037975,False,False,140.252670,133.240036,147.265303,True,-3.207766,129.032456,11.220214,False,False,
2023-12-03,135.098215,137.471843,129.774906,130.956757,136564300,132.455222,131.892749,129.243043,124.919248,3.225553,3.986602,6.309096,6.734835,Neutral,Neutral,51.100000,81.132075,False,False,140.252670,133.240036,147.265303,False,-6.627976,129.032456,11.220214,False,False,
2023-12-10,128.990359,137.610874,127.023918,134.065323,176658100,133.260272,132.327264,129.702308,125.441881,3.140863,3.817454,6.210075,6.639424,Neutral,Neutral,51.700000,89.375000,False,False,140.252670,133.240036,147.265303,True,-4.411571,129.032456,11.220214,False,False,
2023-12-17,131.473213,132.804030,128.801637,131.691727,179845100,132.475999,132.200156,129.891776,125.799015,2.893945,3.632752,5.998927,6.522970,Neutral,Neutral,51.400000,96.894410,False,False,140.252670,133.240036,147.265303,False,-6.103943,129.032456,11.220214,False,False,
2023-12-24,131.721527,141.017403,131.522885,140.520828,160862500,136.498414,133.864291,130.904067,126.640261,3.199904,3.546183,6.141491,6.453610,Neutral,Neutral,50.500000,100.000000,False,False,140.252670,133.240036,147.265303,True,0.191197,129.032456,11.220214,False,False,
2023-12-31,140.620111,141.702641,137.829369,138.733139,71187600,137.615776,134.838060,131.649693,127.331283,3.290425,3.495031,6.163505,6.400864,Neutral,Neutral,51.700000,99.386503,False,False,140.252670,133.240036,147.265303,True,-1.083424,129.032456,11.220214,False,False,
2024-01-07,137.600958,138.673558,134.224234,134.800262,97574900,136.208019,134.830501,131.949747,127.758082,3.086995,3.413424,5.999713,6.327927,Neutral,Neutral,49.900000,98.170732,False,False,140.252670,133.240036,147.265303,True,-3.887560,129.032456,11.220214,False,False,
2024-01-14,135.356426,144.225256,135.326633,141.672867,110278000,138.940443,136.198974,132.875758,128.553212,3.299526,3.390644,6.097763,6.286079,Neutral,Neutral,52.700000,98.787879,False,False,140.252670,133.240036,147.265303,True,1.012599,129.032456,11.220214,False,False,
2024-01-21,141.027328,145.446832,137.948543,145.377319,103657400,142.158881,138.034643,134.066383,129.514590,3.640227,3.440561,6.287632,6.286361,Strong Buy,Strong Buy â†‘ âœ“ ðŸ”µBUY,59.000000,100.000000,False,False,140.252670,133.240036,147.265303,True,3.653870,129.032456,11.220214,True,False,
2024-01-28,146.092403,152.001622,144.503331,151.147522,134334600,146.653202,140.657219,135.693158,130.750757,4.190270,3.590503,6.626613,6.348225,Strong Buy,Strong Buy,55.500000,100.000000,False,False,140.252670,133.240036,147.265303,False,7.768018,129.032456,11.220214,False,False,
2024-02-04,151.018431,152.726651,135.565011,141.404739,238992200,144.028970,140.806723,136.237118,131.359556,4.003636,3.673129,6.540158,6.383122,Strong Buy,Strong Buy âœ“ ðŸ”µBUY,49.400000,99.404762,True,False,140.252670,133.240036,147.265303,True,0.821425,129.032456,11.220214,True,False,
2024-02-11,141.841721,148.416374,141.801987,147.979385,142235800,146.004178,142.241255,137.355430,132.309261,4.185268,3.775557,6.677685,6.436679,Strong Buy,Strong Buy âœ“,51.400000,100.000000,False,False,152.726651,145.090318,160.362983,True,-3.108341,140.508519,12.218132,False,False,
2024-02-18,147.403343,148.317039,139.180063,139.557465,141165600,142.780821,141.704497,137.565147,132.723444,3.797115,3.779869,6.458744,6.440691,Neutral,Neutral ðŸ”´EXIT,46.900000,98.235294,False,False,152.726651,145.090318,160.362983,False,-8.622717,140.508519,12.218132,False,True,Stop Loss Hit ($140.51)
2024-02-25,138.703345,144.006767,138.534511,142.973907,95053700,142.877364,141.958379,138.080267,133.309185,3.643971,3.752689,6.367013,6.427295,Neutral,Neutral,48.400000,98.830409,False,False,152.726651,145.090318,160.362983,False,-6.385751,140.508519,12.218132,False,False,
2024-03-03,141.166358,141.464307,134.482459,136.200623,197353700,139.538993,140.806828,137.901253,133.474410,3.096928,3.621537,6.004284,6.350384,Neutral Sell,Neutral Sell â†“ ðŸ”´EXIT,45.200000,96.511628,False,False,152.726651,145.090318,160.362983,False,-10.820658,140.508519,12.218132,False,True,Stop Loss Hit ($140.51)
2024-03-10,134.730759,137.144118,129.774945,134.482483,208621400,137.010738,139.541959,137.575656,133.532014,2.534685,3.404167,5.595819,6.213190,Neutral,Neutral ðŸ”´EXIT,44.200000,98.265896,False,True,152.726651,145.090318,160.362983,False,-11.945635,140.508519,12.218132,False,True,Stop Loss Hit ($140.51)
2024-03-17,135.197530,142.606431,135.197530,140.212921,175577200,138.611830,139.676151,137.826824,133.913780,2.394093,3.202152,5.442635,6.073089,Neutral,Neutral ðŸ”´EXIT,47.700000,98.850575,False,False,152.726651,145.090318,160.362983,False,-8.193547,140.508519,12.218132,False,True,Stop Loss Hit ($140.51)
2024-03-24,147.592018,151.107762,145.079383,149.737228,168623000,144.174529,141.688367,138.961149,134.817977,2.798606,3.121443,5.642347,5.994773,Neutral Buy,Neutral Buy â†‘,56.600000,100.000000,False,False,152.726651,145.090318,160.362983,True,-1.957368,140.508519,12.218132,False,False,
2024-03-31,148.912939,151.217045,146.807465,149.896133,88743000,147.035331,143.329920,140.002576,135.679586,3.085437,3.114242,5.788761,5.957316,Neutral,Neutral,52.500000,100.000000,False,False,152.726651,145.090318,160.362983,True,-1.853323,140.508519,12.218132,False,False,
2024-04-07,149.657803,154.673214,148.575254,151.455383,139205700,149.245357,144.955013,141.093319,136.581060,3.356010,3.162595,5.938282,5.953855,Strong Buy,Strong Buy â†‘ âœ“ ðŸ”µBUY,52.300000,99.435028,False,False,152.726651,145.090318,160.362983,True,-0.832381,140.508519,12.218132,True,False,
2024-04-14,151.733494,159.122531,151.564660,156.649582,127140200,152.947470,147.293927,142.574868,137.727833,3.809181,3.291912,6.216084,6.001533,Strong Buy,Strong Buy âœ“,55.700000,100.000000,False,False,152.726651,145.090318,160.362983,True,2.568596,140.508519,12.218132,False,False,
2024-04-21,157.771841,158.149243,151.256768,153.034500,122177700,152.990985,148.442041,143.571024,138.602499,3.913717,3.416273,6.298472,6.055522,Strong Buy,Strong Buy âœ“,53.700000,98.324022,False,False,152.726651,145.090318,160.362983,True,0.201569,140.508519,12.218132,False,False,
2024-04-28,153.252981,173.513291,149.836562,170.772186,192151900,161.881586,152.908070,146.161610,140.440767,4.896275,3.712274,6.948809,6.217938,Strong Buy,Strong Buy,65.400000,100.000000,False,False,152.726651,145.090318,160.362983,False,11.815577,140.508519,12.218132,False,False,
2024-05-05,167.901973,168.388622,161.486218,166.094437,171623000,163.988011,155.545344,148.059975,141.906691,5.334750,4.036769,7.322824,6.418826,Strong Buy,Strong Buy,62.800000,100.000000,False,False,152.726651,145.090318,160.362983,False,8.752752,140.508519,12.218132,False,False,
2024-05-12,166.312947,170.583451,164.892734,167.494766,114626700,165.741389,157.935228,149.910907,143.368867,5.674052,4.364226,7.648282,6.642364,Strong Buy,Strong Buy,64.000000,99.450549,False,False,152.726651,145.090318,160.362983,False,9.669639,140.508519,12.218132,False,False,
2024-05-19,163.134852,175.062587,162.876638,174.854019,135750300,170.297704,161.318986,152.286442,145.168019,6.233934,4.738167,8.118390,6.910732,Strong Buy,Strong Buy,63.500000,100.000000,False,False,152.726651,145.090318,160.362983,False,14.488217,140.508519,12.218132,False,False,
2024-05-26,174.983134,177.545464,171.765325,173.791367,95028100,172.044535,163.813462,154.334530,146.803638,6.525837,5.095701,8.444986,7.189687,Strong Buy,Strong Buy,63.900000,99.456522,False,False,152.726651,145.090318,160.362983,False,13.792430,140.508519,12.218132,False,False,
2024-06-02,173.255041,176.055732,168.279353,171.318390,104531300,171.681463,165.314448,155.952040,148.204481,6.542932,5.385147,8.604090,7.446852,Strong Buy,Strong Buy,60.300000,98.918919,False,False,152.726651,145.090318,160.362983,False,12.173212,140.508519,12.218132,False,False,
2024-06-09,171.358121,176.651615,169.987584,173.264984,119319600,172.473223,166.904555,157.600892,149.636510,6.567829,5.621684,8.754639,7.684631,Strong Buy,Strong Buy,60.300000,98.387097,False,False,152.726651,145.090318,160.362983,False,13.447773,140.508519,12.218132,False,False,
2024-06-16,173.970931,179.379845,171.773544,175.780518,112108900,174.126870,168.679748,159.332285,151.130453,6.624723,5.822291,8.913779,7.908112,Strong Buy,Strong Buy,58.600000,98.930481,False,False,152.726651,145.090318,160.362983,False,15.094855,140.508519,12.218132,False,False,
2024-06-23,174.458116,179.817344,173.105888,178.604309,119407500,176.365590,170.664660,161.167716,152.700388,6.718417,6.001517,9.087596,8.122564,Strong Buy,Strong Buy,59.600000,100.000000,False,False,152.726651,145.090318,160.362983,False,16.943774,140.508519,12.218132,False,False,
2024-06-30,179.131275,184.987663,177.649778,181.109909,109272700,178.737749,172.753710,163.066972,154.323789,6.822087,6.165631,9.262267,8.329783,Strong Buy,Strong Buy,62.300000,99.470899,False,False,152.726651,145.090318,160.362983,False,18.584352,140.508519,12.218132,False,False,
2024-07-07,181.984894,189.770183,180.264777,189.511673,64588200,184.124711,176.105302,165.585515,156.334525,7.203325,6.373169,9.607968,8.562180,Strong Buy,Strong Buy,62.600000,100.000000,False,False,152.726651,145.090318,160.362983,False,24.085529,140.508519,12.218132,False,False,
2024-07-14,188.815665,190.655101,183.436555,184.013245,100634000,184.068978,177.686891,167.340537,157.916167,7.148043,6.528144,9.699021,8.768878,Strong Buy,Strong Buy,61.700000,97.905759,True,False,152.726651,145.090318,160.362983,False,20.485353,140.508519,12.218132,False,False,
2024-07-21,183.864112,187.602611,175.462365,176.645569,99696400,180.357273,177.478626,168.226731,158.986418,6.679267,6.558369,9.513663,8.904294,Neutral,Neutral,60.700000,95.312500,False,False,190.655101,181.122346,200.187856,False,-7.348102,175.402693,15.252408,False,False,
2024-07-28,179.558810,182.561583,163.123202,166.046417,196227100,173.201845,175.192185,168.019082,159.389847,5.749340,6.396563,8.987465,8.919416,Neutral Sell,Neutral Sell â†“ ðŸ”´EXIT,53.600000,93.264249,False,False,190.655101,181.122346,200.187856,False,-12.907435,175.402693,15.252408,False,True,Stop Loss Hit ($175.40)
2024-08-04,167.865981,173.255049,163.729731,165.708374,118644100,169.455110,173.295422,167.799014,159.750905,4.940196,6.105290,8.479505,8.839432,Neutral,Neutral ðŸ”´EXIT,53.900000,92.268041,False,False,190.655101,181.122346,200.187856,False,-13.084741,175.402693,15.252408,False,True,Stop Loss Hit ($175.40)
2024-08-11,154.612095,163.491098,154.045343,162.735443,181955000,166.095276,171.183427,167.316769,159.921450,4.111549,5.706541,7.905666,8.669656,Neutral,Neutral ðŸ”´EXIT,54.000000,93.846154,False,False,190.655101,181.122346,200.187856,False,-14.644065,175.402693,15.252408,False,True,Stop Loss Hit ($175.40)
2024-08-18,163.411546,164.117480,156.809485,162.029480,130771000,164.062378,169.352637,166.813218,160.041909,3.381738,5.241581,7.350540,8.429817,Neutral,Neutral ðŸ”´EXIT,49.000000,95.408163,False,False,190.655101,181.122346,200.187856,False,-15.014348,175.402693,15.252408,False,True,Stop Loss Hit ($175.40)
2024-08-25,164.336245,167.677073,162.377478,164.674301,100108700,164.368340,168.416970,166.609512,160.306617,2.896138,4.772492,6.923660,8.155970,Neutral,Neutral ðŸ”´EXIT,49.100000,94.416244,False,False,190.655101,181.122346,200.187856,False,-13.627120,175.402693,15.252408,False,True,Stop Loss Hit ($175.40)
2024-09-01,165.429957,166.593275,159.334969,162.447113,84243300,163.407726,167.222999,166.213093,160.428931,2.376882,4.293370,6.450699,7.845921,Neutral,Neutral ðŸ”´EXIT,46.700000,93.939394,False,False,190.655101,181.122346,200.187856,False,-14.795297,175.402693,15.252408,False,True,Stop Loss Hit ($175.40)
2024-09-08,160.796592,160.925855,149.690345,150.058228,114899900,156.732977,163.790044,164.674534,159.836320,1.346747,3.704046,5.608911,7.439192,Neutral,Neutral ðŸ”´EXIT,44.500000,91.457286,False,False,190.655101,181.122346,200.187856,False,-21.293358,175.402693,15.252408,False,True,Stop Loss Hit ($175.40)
2024-09-15,151.840371,157.684636,146.573605,156.768677,159199700,156.750827,162.385771,163.921595,159.661026,0.843637,3.131964,5.096536,7.013254,Neutral,Neutral ðŸ”´EXIT,46.400000,95.500000,False,True,190.655101,181.122346,200.187856,False,-17.773678,175.402693,15.252408,False,True,Stop Loss Hit ($175.40)
2024-09-22,156.619306,163.070850,155.912431,162.871735,130256800,159.811281,162.482964,163.821609,159.844495,0.736536,2.652878,4.837729,6.617704,Neutral,Neutral ðŸ”´EXIT,47.300000,99.502488,False,False,190.655101,181.122346,200.187856,False,-14.572580,175.402693,15.252408,False,True,Stop Loss Hit ($175.40)
2024-09-29,163.628413,164.972480,159.984472,163.230164,107772800,161.520722,162.632404,163.765281,160.037962,0.661736,2.254650,4.602626,6.251326,Neutral,Neutral ðŸ”´EXIT,48.100000,99.504950,False,False,190.655101,181.122346,200.187856,False,-14.384581,175.402693,15.252408,False,True,Stop Loss Hit ($175.40)
2024-10-06,162.602921,168.417276,162.543171,166.326508,100632700,163.923615,163.371224,164.009207,160.397307,0.746497,1.953019,4.477744,5.928857,Neutral Buy,Neutral Buy â†‘ ðŸ”´EXIT,49.800000,100.000000,False,False,190.655101,181.122346,200.187856,False,-12.760526,175.402693,15.252408,False,True,Stop Loss Hit ($175.40)
2024-10-13,166.983598,167.740256,159.038636,162.523270,106206000,163.223442,163.201633,163.867689,160.518791,0.618996,1.686215,4.226357,5.619311,Neutral,Neutral ðŸ”´EXIT,42.300000,99.509804,False,False,190.655101,181.122346,200.187856,False,-14.755352,175.402693,15.252408,False,True,Stop Loss Hit ($175.40)
2024-10-20,162.921521,166.943759,162.045363,162.702484,96880400,162.962963,163.101804,163.756717,160.643573,0.520777,1.453127,3.995020,5.323986,Neutral Sell,Neutral Sell â†“ ðŸ”´EXIT,46.200000,96.585366,False,False,190.655101,181.122346,200.187856,False,-14.661353,175.402693,15.252408,False,True,Stop Loss Hit ($175.40)
2024-10-27,162.234547,165.091938,160.303056,164.544357,98036500,163.753660,163.390314,163.831731,160.866475,0.527723,1.268046,3.836102,5.053461,Neutral Buy,Neutral Buy â†‘ ðŸ”´EXIT,46.300000,99.514563,False,False,190.655101,181.122346,200.187856,False,-13.695277,175.402693,15.252408,False,True,Stop Loss Hit ($175.40)
2024-11-03,168.009077,181.220820,163.230149,170.537918,219763900,167.145789,164.819835,164.470415,161.419129,0.818156,1.178068,3.872737,4.838784,Neutral,Neutral ðŸ”´EXIT,48.600000,97.584541,False,False,190.655101,181.122346,200.187856,False,-10.551610,175.402693,15.252408,False,True,Stop Loss Hit ($175.40)
2024-11-10,169.183891,180.284943,167.272323,177.566940,120789400,172.356365,167.369256,165.717703,162.341861,1.372076,1.216870,4.101628,4.704756,Strong Buy,Strong Buy â†‘,47.100000,100.000000,False,False,190.655101,181.122346,200.187856,False,-6.864836,175.402693,15.252408,False,False,
2024-11-17,177.795903,181.688761,170.468238,171.732666,129281400,172.044515,168.241938,166.290557,162.878479,1.506671,1.274830,4.101668,4.595103,Strong Buy,Strong Buy ðŸ”´EXIT,47.700000,95.215311,False,False,190.655101,181.122346,200.187856,False,-9.924956,175.402693,15.252408,False,True,Stop Loss Hit ($175.40)
2024-11-24,172.658569,178.084643,162.981245,164.036591,160906300,168.040553,167.400869,166.075893,162.944656,1.226999,1.265264,3.842888,4.458337,Neutral,Neutral ðŸ”´EXIT,39.500000,89.047619,False,False,190.655101,181.122346,200.187856,False,-13.961604,175.402693,15.252408,False,True,Stop Loss Hit ($175.40)
2024-12-01,165.360762,169.074395,164.882873,168.208191,87145700,168.124372,167.562333,166.278969,163.245430,1.193357,1.250882,3.735983,4.327000,Neutral,Neutral ðŸ”´EXIT,41.700000,91.469194,False,False,190.655101,181.122346,200.187856,False,-11.773569,175.402693,15.252408,False,True,Stop Loss Hit ($175.40)
2024-12-08,168.028987,175.286986,167.829868,173.942917,120471500,171.033644,168.838450,167.008869,163.856715,1.426123,1.285930,3.805253,4.232137,Neutral,Neutral ðŸ”´EXIT,41.700000,94.339623,False,False,190.655101,181.122346,200.187856,False,-8.765663,175.402693,15.252408,False,True,Stop Loss Hit ($175.40)
2024-12-15,173.394719,194.974354,173.085713,189.203171,208057700,180.118408,172.911394,169.122612,165.305084,2.305831,1.489911,4.308497,4.246020,Strong Buy,Strong Buy â†‘ âœ“ ðŸ”µBUY,52.200000,99.530516,False,False,190.655101,181.122346,200.187856,True,-0.761548,175.402693,15.252408,True,False,
2024-12-22,192.243243,200.765460,184.618122,190.788010,218333100,185.453209,176.486717,171.185983,166.761251,3.024731,1.796875,4.760041,4.339479,Strong Buy,Strong Buy âœ“,56.400000,96.728972,False,False,190.655101,181.122346,200.187856,True,0.069712,175.402693,15.252408,False,False,
2024-12-29,191.994065,196.110643,189.532090,192.133591,67016300,188.793400,179.616092,173.180994,168.211099,3.599290,2.157358,5.158015,4.488303,Strong Buy,Strong Buy âœ“,53.500000,95.348837,False,False,190.655101,181.122346,200.187856,True,0.775479,175.402693,15.252408,False,False,
2025-01-05,189.183238,192.582147,186.890717,191.166748,70698600,189.980074,181.926223,174.893923,169.522850,3.952219,2.516330,5.444166,4.662097,Strong Buy,Strong Buy âœ“,55.000000,96.759259,False,False,190.655101,181.122346,200.187856,True,0.268363,175.402693,15.252408,False,False,
2025-01-12,193.349647,200.346841,189.691565,191.415939,107580800,190.698007,183.824166,176.467448,170.773884,4.185621,2.850188,5.666774,4.844765,Strong Buy,Strong Buy âœ“,60.200000,92.165899,False,False,190.655101,181.122346,200.187856,True,0.399065,175.402693,15.252408,False,False,
2025-01-19,189.452350,196.589066,186.751149,195.363068,106325100,193.030537,186.131947,178.267031,172.178980,4.485796,3.177310,5.936113,5.043192,Strong Buy,Strong Buy âœ“,58.100000,97.247706,False,False,190.655101,181.122346,200.187856,True,2.469363,175.402693,15.252408,False,False,
2025-01-26,198.423108,201.632630,194.565690,199.559402,107000800,196.294970,188.817438,180.294876,173.743576,4.841138,3.510075,6.248503,5.262340,Strong Buy,Strong Buy âœ“,58.900000,100.000000,False,False,190.655101,181.122346,200.187856,True,4.670372,175.402693,15.252408,False,False,
2025-02-02,191.784748,204.812257,190.060362,203.357010,140460900,199.825990,191.725352,182.491269,175.435772,5.213783,3.850817,6.583067,5.502472,Strong Buy,Strong Buy,65.900000,100.000000,False,False,190.655101,181.122346,200.187856,False,6.662244,175.402693,15.252408,False,False,
2025-02-09,200.037827,206.377187,182.644535,184.737701,220681000,192.281846,190.327822,182.705215,175.967311,4.647720,4.010197,6.349676,5.656509,Strong Buy,Strong Buy âœ“ ðŸ”µBUY,54.300000,95.022624,True,False,190.655101,181.122346,200.187856,True,-3.103719,175.402693,15.252408,True,False,
2025-02-16,186.741189,187.588418,181.239122,184.628067,108268600,188.454956,189.187871,182.888344,176.462211,4.147136,4.037585,6.113509,5.739600,Neutral Sell,Neutral Sell â†“ ðŸ”´EXIT,54.400000,95.045045,False,False,206.377187,196.058327,216.696046,False,-10.538529,189.867012,16.510175,False,True,Stop Loss Hit ($189.87)
2025-02-23,184.996891,185.355722,178.498070,179.076187,105106800,183.765572,187.165534,182.525281,176.611581,3.470417,3.924151,5.720254,5.736082,Neutral,Neutral ðŸ”´EXIT,53.500000,88.789238,False,False,206.377187,196.058327,216.696046,False,-13.228691,189.867012,16.510175,False,True,Stop Loss Hit ($189.87)
2025-03-02,181.398628,182.524946,166.228066,169.726654,195320500,176.746113,183.677758,181.306365,176.218157,2.495378,3.638397,5.077710,5.616378,Neutral,Neutral ðŸ”´EXIT,52.100000,82.589286,False,False,206.377187,196.058327,216.696046,False,-17.759004,189.867012,16.510175,False,True,Stop Loss Hit ($189.87)
2025-03-09,171.371280,174.401407,165.261206,173.295013,172801200,175.020563,181.601209,180.543379,176.051120,1.854953,3.281708,4.613031,5.433952,Neutral,Neutral ðŸ”´EXIT,53.700000,88.888889,False,False,206.377187,196.058327,216.696046,False,-16.029957,189.867012,16.510175,False,True,Stop Loss Hit ($189.87)
2025-03-16,167.906369,168.105961,161.030849,165.142197,175315900,170.081380,178.309407,179.076600,175.427753,0.968863,2.819139,3.942637,5.162804,Neutral,Neutral ðŸ”´EXIT,53.500000,92.035398,False,False,206.377187,196.058327,216.696046,False,-19.980401,189.867012,16.510175,False,True,Stop Loss Hit ($189.87)
2025-03-23,164.683168,165.950503,156.390641,163.645355,172299000,166.863368,175.376596,177.606957,174.754473,0.189287,2.293169,3.300968,4.824288,Neutral,Neutral ðŸ”´EXIT,52.700000,98.678414,False,False,206.377187,196.058327,216.696046,False,-20.705695,189.867012,16.510175,False,True,Stop Loss Hit ($189.87)
2025-03-30,166.718888,170.271414,153.307120,154.005646,157132700,160.434507,171.102406,175.359213,173.568826,-0.871665,1.660202,2.423526,4.387786,Strong Sell,Strong Sell â†“ ðŸ”´EXIT,49.300000,87.280702,False,False,206.377187,196.058327,216.696046,False,-25.376614,189.867012,16.510175,False,True,Stop Loss Hit ($189.87)
2025-04-06,152.788219,158.077077,145.074467,145.294006,219461000,152.864257,165.940726,172.495860,171.953122,-2.118137,0.904534,1.361635,3.837577,Strong Sell,Strong Sell ðŸ”´EXIT,55.300000,79.039301,False,False,206.377187,196.058327,216.696046,False,-29.597836,189.867012,16.510175,False,True,Stop Loss Hit ($189.87)
2025-04-13,141.252521,159.214696,140.234660,156.809738,281058700,154.836997,164.114529,171.001944,171.087786,-2.547711,0.214085,0.866403,3.297363,Strong Sell,Strong Sell ðŸ”´EXIT,53.800000,86.521739,False,True,206.377187,196.058327,216.696046,False,-24.017891,189.867012,16.510175,False,True,Stop Loss Hit ($189.87)
2025-04-20,159.663725,161.380112,148.187902,150.842316,119118500,152.839657,161.460086,169.081979,169.930902,-3.149411,-0.458614,0.237294,2.740987,Strong Sell,Strong Sell ðŸ”´EXIT,54.800000,82.683983,False,False,206.377187,196.058327,216.696046,False,-26.909404,189.867012,16.510175,False,True,Stop Loss Hit ($189.87)
2025-04-27,148.567113,165.750912,145.792957,161.619614,186077700,157.229635,161.491992,168.371278,169.455971,-3.072690,-0.981429,0.076496,2.256534,Strong Sell,Strong Sell ðŸ”´EXIT,55.700000,89.655172,False,False,206.377187,196.058327,216.696046,False,-21.687268,189.867012,16.510175,False,True,Stop Loss Hit ($189.87)
2025-05-04,162.088613,164.623299,155.073399,163.685272,147454100,160.457454,161.930648,167.924992,169.126217,-2.878448,-1.360833,0.006313,1.847403,Strong Sell,Strong Sell ðŸ”´EXIT,53.600000,99.141631,False,False,206.377187,196.058327,216.696046,False,-20.686354,189.867012,16.510175,False,True,Stop Loss Hit ($189.87)
2025-05-11,162.657420,165.042396,147.529290,152.428986,260043100,156.443220,160.030315,166.449181,168.172089,-3.242219,-1.737110,-0.417542,1.435595,Strong Sell,Strong Sell ðŸ”´EXIT,48.700000,89.743590,False,False,206.377187,196.058327,216.696046,False,-26.140584,189.867012,16.510175,False,True,Stop Loss Hit ($189.87)
2025-05-18,157.159021,168.994091,155.831820,165.840729,211270400,161.141974,161.192398,166.391234,168.038869,-2.838574,-1.957403,-0.311977,1.117854,Neutral,Neutral ðŸ”´EXIT,53.000000,98.723404,False,False,206.377187,196.058327,216.696046,False,-19.641928,189.867012,16.510175,False,True,Stop Loss Hit ($189.87)
2025-05-25,164.164255,176.398489,162.557629,168.115936,260525600,164.628955,162.577106,166.555491,168.043272,-2.379034,-2.041729,-0.147533,0.887784,Neutral Buy,Neutral Buy â†‘ ðŸ”´EXIT,56.400000,94.067797,False,False,206.377187,196.058327,216.696046,False,-18.539477,189.867012,16.510175,False,True,Stop Loss Hit ($189.87)
2025-06-01,169.802389,174.901645,167.088093,171.379059,154736900,168.004007,164.337496,167.014878,168.233889,-1.834111,-2.000206,0.096462,0.743907,Neutral,Neutral ðŸ”´EXIT,56.800000,96.202532,False,False,206.377187,196.058327,216.696046,False,-16.958332,189.867012,16.510175,False,True,Stop Loss Hit ($189.87)
2025-06-08,167.487257,174.133271,164.932632,173.314987,182708900,170.659497,166.132994,167.614889,168.524237,-1.294307,-1.859026,0.364214,0.674872,Neutral,Neutral ðŸ”´EXIT,56.800000,99.579832,False,False,206.377187,196.058327,216.696046,False,-16.020278,189.867012,16.510175,False,True,Stop Loss Hit ($189.87)
2025-06-15,174.384030,180.948166,172.235955,174.513916,170953800,172.586707,167.809179,168.271939,168.866505,-0.801040,-1.647429,0.627681,0.666292,Neutral,Neutral ðŸ”´EXIT,55.100000,99.163180,False,False,206.377187,196.058327,216.696046,False,-15.439338,189.867012,16.510175,False,True,Stop Loss Hit ($189.87)
2025-06-22,174.573860,177.201514,165.312151,166.491089,156729600,169.538898,167.545561,168.102334,168.730767,-0.788119,-1.475567,0.606252,0.655376,Neutral,Neutral ðŸ”´EXIT,49.100000,89.583333,False,False,206.377187,196.058327,216.696046,False,-19.326796,189.867012,16.510175,False,True,Stop Loss Hit ($189.87)
2025-06-29,166.121426,178.520328,161.855237,178.370468,273611200,173.954683,169.710542,169.080252,169.281607,-0.205553,-1.221564,0.962253,0.711171,Neutral,Neutral ðŸ”´EXIT,49.800000,100.000000,False,True,206.377187,196.058327,216.696046,False,-13.570647,189.867012,16.510175,False,True,Stop Loss Hit ($189.87)
2025-07-06,180.618462,181.068057,173.374928,179.369568,150102000,176.662125,171.642347,170.060187,169.858062,0.296349,-0.917981,1.291001,0.816595,Strong Buy,Strong Buy â†‘ ðŸ”´EXIT,50.000000,100.000000,False,False,206.377187,196.058327,216.696046,False,-13.086533,189.867012,16.510175,False,True,Stop Loss Hit ($189.87)
2025-07-13,178.899995,181.267874,172.615623,180.028992,181179000,178.345559,173.319676,171.009597,170.439258,0.713339,-0.591717,1.584536,0.956221,Strong Buy,Strong Buy ðŸ”´EXIT,51.500000,100.000000,False,False,206.377187,196.058327,216.696046,False,-12.767010,189.867012,16.510175,False,True,Stop Loss Hit ($189.87)
2025-07-20,180.848239,186.253408,179.519426,184.894623,165096200,181.620091,175.634666,172.331980,171.265278,1.252478,-0.222878,1.969976,1.140540,Strong Buy,Strong Buy ðŸ”´EXIT,53.800000,100.000000,False,False,206.377187,196.058327,216.696046,False,-10.409370,189.867012,16.510175,False,True,Stop Loss Hit ($189.87)
2025-07-27,186.083564,197.773110,185.983648,193.007370,263812800,187.313730,179.109206,174.301065,172.507684,2.022110,0.226119,2.521068,1.391545,Strong Buy,Strong Buy,59.900000,100.000000,False,False,206.377187,196.058327,216.696046,False,-6.478340,189.867012,16.510175,False,False,
2025-08-03,193.476949,197.423437,187.652172,188.960999,198135500,188.137364,181.079565,175.697249,173.447873,2.408838,0.662663,2.867710,1.659939,Strong Buy,Strong Buy ðŸ”´EXIT,54.600000,99.186992,False,False,206.377187,196.058327,216.696046,False,-8.439008,189.867012,16.510175,False,True,Stop Loss Hit ($189.87)
2025-08-10,190.119952,202.428945,189.950106,201.240005,150196200,194.688685,185.111653,178.129892,175.035995,3.219447,1.174020,3.492561,1.993143,Strong Buy,Strong Buy âœ“ ðŸ”µBUY,61.100000,99.595142,False,False,206.377187,196.058327,216.696046,True,-2.489220,189.867012,16.510175,True,False,
2025-08-17,200.760445,206.255527,197.333505,203.717789,144735000,199.203237,188.832880,180.566835,176.674955,3.906397,1.720495,4.073161,2.371328,Strong Buy,Strong Buy âœ“,57.700000,100.000000,False,False,206.377187,196.058327,216.696046,True,-1.288611,189.867012,16.510175,False,False,
2025-08-24,204.017532,208.353646,196.424321,205.905838,134323900,202.554537,192.247472,182.980073,178.345291,4.475505,2.271497,4.604559,2.777370,Strong Buy,Strong Buy âœ“,57.400000,100.000000,False,False,206.377187,196.058327,216.696046,True,-0.228392,189.867012,16.510175,False,False,
2025-08-31,206.245524,214.458177,205.096557,212.719742,153483600,207.637140,196.341926,185.812423,180.309545,5.137978,2.844794,5.209367,3.219551,Strong Buy,Strong Buy âœ“,63.800000,100.000000,False,False,206.377187,196.058327,216.696046,True,3.073283,189.867012,16.510175,False,False,
2025-09-07,208.253745,235.549324,206.015741,234.790009,249132200,221.213574,204.031542,190.476955,183.422714,6.470514,3.569938,6.247567,3.770099,Strong Buy,Strong Buy,68.400000,100.000000,False,False,206.377187,196.058327,216.696046,False,13.767424,189.867012,16.510175,False,False,
2025-09-14,235.470001,242.250000,233.229996,240.800003,163047700,231.006789,211.385234,195.269626,186.701417,7.617074,4.379365,7.237086,4.400460,Strong Buy,Strong Buy,33.400000,100.000000,False,False,206.377187,196.058327,216.696046,False,16.679565,189.867012,16.510175,False,False,
2025-09-21,244.660004,256.000000,244.660004,254.720001,213412400,242.863395,220.052188,200.931566,190.588193,8.896055,5.282703,8.350194,5.118594,Strong Buy,Strong Buy *,99.000000,100.000000,False,False,206.377187,196.058327,216.696046,False,23.424495,189.867012,16.510175,False,False,
2025-09-28,254.429993,255.779999,240.740005,246.539993,136643100,244.701694,225.349749,205.275226,193.785439,9.425442,6.111251,9.087248,5.840167,Strong Buy,Strong Buy *,99.000000,99.603175,False,False,206.377187,196.058327,216.696046,False,19.460875,189.867012,16.510175,False,False,
2025-10-05,247.850006,251.149994,238.610001,245.350006,154621200,245.025850,229.349800,209.091872,196.731985,9.652157,6.819432,9.643439,6.531671,Strong Buy,Strong Buy *,99.000000,99.603175,False,False,206.377187,196.058327,216.696046,False,18.884267,189.867012,16.510175,False,False,
2025-10-12,244.779999,251.320007,235.839996,236.570007,134455500,240.797929,230.793842,211.708837,199.008444,9.382504,7.332046,9.878338,7.140156,Strong Buy,Strong Buy *,98.600000,98.809524,False,False,206.377187,196.058327,216.696046,False,14.629922,189.867012,16.510175,False,False,
2025-10-19,240.210007,256.959991,239.710007,253.300003,131783100,247.048966,235.295074,215.669901,202.110819,9.639709,7.793579,10.400966,7.733031,Strong Buy,Strong Buy *,99.000000,98.809524,False,False,206.377187,196.058327,216.696046,False,22.736436,189.867012,16.510175,False,False,
2025-10-26,254.690002,261.679993,244.149994,259.920013,153248200,253.484490,240.220062,219.884197,205.414201,9.929543,8.220772,10.930800,8.314443,Strong Buy,Strong Buy *,99.000000,100.000000,False,False,206.377187,196.058327,216.696046,False,25.944160,189.867012,16.510175,False,False,
2025-11-02,264.820007,291.589996,264.279999,281.190002,222698000,267.337246,248.414050,225.722845,209.744247,10.719880,8.720593,11.758685,8.940669,Strong Buy,Strong Buy *,99.000000,100.000000,False,False,206.377187,196.058327,216.696046,False,36.250526,189.867012,16.510175,False,False,
2025-11-09,282.179993,288.350006,275.190002,278.829987,162527900,273.083616,254.497237,230.780668,213.692004,11.081416,9.192758,12.359487,9.562272,Strong Buy,Strong Buy *,99.000000,99.206349,False,False,206.377187,196.058327,216.696046,False,35.106981,189.867012,16.510175,False,False,
2025-11-16,284.420013,292.010010,270.700012,276.410004,134830000,274.746810,258.879791,235.126319,217.275889,11.121759,9.578558,12.761557,10.143960,Strong Buy,Strong Buy *,99.000000,98.015873,False,False,206.377187,196.058327,216.696046,False,33.934379,189.867012,16.510175,False,False,
